{"stat.useItem.minecraft.bow":23,"stat.leaveGame":6,"stat.pickup.minecraft.arrow":129,"stat.pickup.minecraft.diamond_sword":1,"stat.drop.minecraft.enchanted_book":16,"stat.jump":239,"stat.pickup.minecraft.enchanted_book":16,"stat.fallOneCm":6017,"stat.drop.minecraft.diamond_sword":1,"stat.crouchOneCm":6432,"stat.pickup.minecraft.dirt":1,"stat.useItem.minecraft.dirt":1,"stat.pickup.minecraft.bow":1,"stat.pickup.minecraft.anvil":1,"stat.damageTaken":130,"stat.pickup.minecraft.diamond_leggings":1,"stat.useItem.minecraft.anvil":1,"stat.flyOneCm":57340,"stat.pickup.minecraft.diamond_axe":1,"stat.killEntity.Villager":1,"stat.timeSinceDeath":54948,"stat.mineBlock.minecraft.dirt":1,"stat.useItem.minecraft.spawn_egg":9,"stat.walkOneCm":12076,"stat.pickup.minecraft.diamond_pickaxe":1,"stat.drop.minecraft.diamond_chestplate":1,"stat.pickup.minecraft.diamond_shovel":1,"stat.drop.minecraft.baked_potato":2,"stat.drop.minecraft.diamond_axe":1,"stat.drop.minecraft.spawn_egg":64,"stat.drop.minecraft.diamond_helmet":1,"stat.drop.minecraft.anvil":1,"stat.drop.minecraft.diamond_leggings":1,"stat.sprintOneCm":12454,"stat.drop.minecraft.bow":1,"stat.pickup.minecraft.diamond_helmet":1,"stat.drop.minecraft.diamond_boots":1,"stat.pickup.minecraft.diamond_chestplate":1,"stat.mobKills":2,"stat.pickup.minecraft.diamond_boots":1,"stat.pickup.minecraft.spawn_egg":64,"stat.drop":32,"stat.playOneMinute":54948,"stat.killEntity.Sheep":1,"stat.sneakTime":4116,"stat.drop.minecraft.diamond_shovel":1,"stat.drop.minecraft.arrow":129,"stat.useItem.minecraft.baked_potato":3,"stat.mineBlock.minecraft.tallgrass":4,"stat.drop.minecraft.diamond_pickaxe":1}