{"stat.useItem.minecraft.bow":10,"stat.walkOneCm":7907,"stat.pickup.minecraft.diamond_pickaxe":1,"stat.drop.minecraft.diamond_chestplate":1,"stat.leaveGame":3,"stat.pickup.minecraft.arrow":129,"stat.pickup.minecraft.diamond_shovel":1,"stat.drop.minecraft.diamond_axe":1,"stat.drop.minecraft.spawn_egg":64,"stat.pickup.minecraft.diamond_sword":1,"stat.drop.minecraft.enchanted_book":16,"stat.jump":174,"stat.pickup.minecraft.enchanted_book":16,"stat.fallOneCm":5808,"stat.drop.minecraft.diamond_helmet":1,"stat.drop.minecraft.diamond_sword":1,"stat.crouchOneCm":1282,"stat.drop.minecraft.anvil":1,"stat.drop.minecraft.diamond_leggings":1,"stat.pickup.minecraft.dirt":1,"stat.useItem.minecraft.dirt":1,"stat.sprintOneCm":12454,"stat.pickup.minecraft.bow":1,"stat.drop.minecraft.bow":1,"stat.pickup.minecraft.diamond_helmet":1,"stat.pickup.minecraft.anvil":1,"stat.damageTaken":130,"stat.drop.minecraft.diamond_boots":1,"stat.pickup.minecraft.diamond_chestplate":1,"stat.mobKills":2,"stat.pickup.minecraft.diamond_boots":1,"stat.pickup.minecraft.spawn_egg":64,"stat.pickup.minecraft.diamond_leggings":1,"stat.useItem.minecraft.anvil":1,"stat.flyOneCm":57294,"stat.drop":30,"stat.playOneMinute":21145,"stat.pickup.minecraft.diamond_axe":1,"stat.killEntity.Sheep":1,"stat.sneakTime":1489,"stat.drop.minecraft.diamond_shovel":1,"stat.killEntity.Villager":1,"stat.drop.minecraft.arrow":129,"stat.timeSinceDeath":21145,"stat.mineBlock.minecraft.dirt":1,"stat.useItem.minecraft.spawn_egg":9,"stat.mineBlock.minecraft.tallgrass":4,"stat.drop.minecraft.diamond_pickaxe":1}