{"stats":{"minecraft:killed":{"minecraft:pig":2,"minecraft:spider":8,"minecraft:bat":1,"minecraft:creeper":9,"minecraft:skeleton":10,"dungeons_mobs:wildfire":6,"minecraft:zombie":9,"minecraft:wither_skeleton":2,"minecraft:blaze":2,"minecraft:enderman":2},"minecraft:dropped":{"minecraft:enchanted_book":8,"minecraft:vine":1,"minecraft:command_block":1,"majruszs_difficulty:end_leggings":4,"minecraft:totem_of_undying":20,"minecraft:stone":1,"minecraft:wooden_axe":2,"majruszs_difficulty:end_boots":6,"majruszs_difficulty:end_helmet":5,"majruszs_difficulty:end_chestplate":4,"majruszs_difficulty:end_sword":2,"minecraft:dandelion":2},"minecraft:mined":{"minecraft:tall_grass":2,"minecraft:fire":6,"minecraft:grass":5},"minecraft:custom":{"minecraft:interact_with_anvil":3,"minecraft:mob_kills":53,"minecraft:play_one_minute":235377,"minecraft:open_shulker_box":5,"minecraft:leave_game":3,"minecraft:time_since_death":10691,"minecraft:climb_one_cm":1810,"minecraft:damage_resisted":777,"minecraft:time_since_rest":10715,"minecraft:sprint_one_cm":46488,"minecraft:walk_one_cm":408114,"minecraft:damage_taken":3205,"minecraft:damage_absorbed":1511,"minecraft:drop":56,"minecraft:damage_dealt":12073,"minecraft:swim_one_cm":12024,"minecraft:fly_one_cm":600118,"minecraft:open_chest":8,"minecraft:crouch_one_cm":8240,"minecraft:deaths":10,"minecraft:sneak_time":8024,"minecraft:walk_under_water_one_cm":62906,"minecraft:jump":1177,"minecraft:walk_on_water_one_cm":59920,"minecraft:fall_one_cm":8531},"minecraft:picked_up":{"minecraft:wooden_axe":3,"minecraft:enchanted_book":8,"minecraft:gunpowder":10,"majruszs_difficulty:end_boots":4,"dungeons_mobs:necromancer_trident":1,"minecraft:string":6,"minecraft:dirt":22,"minecraft:bone":14,"minecraft:diamond_leggings":2,"minecraft:wheat_seeds":13,"minecraft:diamond_helmet":4,"minecraft:enchanted_golden_apple":125,"dungeons_mobs:netherplate_helmet":3,"minecraft:tipped_arrow":1,"majruszs_difficulty:wither_sword":1,"minecraft:torch":5,"minecraft:dandelion":3,"minecraft:gravel":6,"minecraft:porkchop":2,"majruszs_difficulty:end_chestplate":2,"majruszs_difficulty:end_leggings":2,"minecraft:vine":1,"minecraft:gray_shulker_box":1,"minecraft:spider_eye":2,"majruszs_difficulty:end_sword":1,"majruszs_difficulty:end_helmet":3,"minecraft:diamond_chestplate":2,"minecraft:arrow":8,"minecraft:command_block":7,"minecraft:rotten_flesh":5,"minecraft:polished_blackstone_pressure_plate":1,"dungeons_mobs:purple_trident":1,"minecraft:diamond_boots":2,"mowziesmobs:ice_crystal":1,"minecraft:totem_of_undying":26,"dungeons_mobs:wildfire_spawn_egg":1,"minecraft:coal":2,"minecraft:ender_pearl":3},"minecraft:used":{"minecraft:mossy_stone_bricks":19,"minecraft:water_bucket":338,"minecraft:netherite_sword":73,"minecraft:acacia_log":78,"minecraft:polished_diorite_slab":16,"minecraft:blackstone":5,"minecraft:shield":1,"minecraft:stone":657,"minecraft:grass":5,"minecraft:purpur_pillar":54,"dungeons_mobs:wildfire_spawn_egg":5,"minecraft:torch":36,"minecraft:polished_blackstone_pressure_plate":1,"minecraft:dirt":92,"minecraft:purpur_stairs":8,"minecraft:vine":206,"minecraft:crimson_trapdoor":30,"minecraft:crossbow":8,"minecraft:polished_blackstone_slab":4,"minecraft:wooden_axe":4,"minecraft:sea_lantern":14,"minecraft:black_concrete":6,"minecraft:warped_trapdoor":87,"minecraft:lantern":9,"minecraft:grass_block":224,"minecraft:netherite_axe":2,"minecraft:stone_slab":413,"minecraft:purpur_slab":9,"minecraft:totem_of_undying":6,"majruszs_difficulty:end_sword":96,"majruszs_difficulty:wither_sword":62,"minecraft:soul_lantern":8,"minecraft:cobblestone":22,"minecraft:enchanted_golden_apple":11,"dungeons_mobs:purple_trident":1,"minecraft:soul_torch":23,"minecraft:gray_stained_glass":12},"minecraft:killed_by":{"minecraft:wither_skeleton":1,"minecraft:skeleton":1}},"DataVersion":2586}