{"stats":{"minecraft:killed":{"minecraft:pig":2,"minecraft:spider":5,"minecraft:bat":1,"minecraft:creeper":9,"minecraft:skeleton":5,"dungeons_mobs:wildfire":6,"minecraft:zombie":7,"minecraft:wither_skeleton":1,"minecraft:blaze":2,"minecraft:enderman":2},"minecraft:dropped":{"minecraft:vine":1,"minecraft:command_block":1,"minecraft:totem_of_undying":5,"minecraft:stone":1,"minecraft:wooden_axe":2,"minecraft:dandelion":2},"minecraft:mined":{"minecraft:fire":6},"minecraft:custom":{"minecraft:mob_kills":39,"minecraft:play_one_minute":223377,"minecraft:open_shulker_box":4,"minecraft:leave_game":3,"minecraft:time_since_death":5554,"minecraft:climb_one_cm":1810,"minecraft:damage_resisted":307,"minecraft:time_since_rest":5580,"minecraft:sprint_one_cm":32201,"minecraft:walk_one_cm":389021,"minecraft:damage_taken":2018,"minecraft:damage_absorbed":673,"minecraft:drop":12,"minecraft:damage_dealt":9483,"minecraft:swim_one_cm":12024,"minecraft:fly_one_cm":557683,"minecraft:open_chest":8,"minecraft:crouch_one_cm":8050,"minecraft:deaths":9,"minecraft:sneak_time":7992,"minecraft:walk_under_water_one_cm":62906,"minecraft:jump":944,"minecraft:walk_on_water_one_cm":59920,"minecraft:fall_one_cm":3341},"minecraft:picked_up":{"minecraft:wooden_axe":3,"minecraft:gunpowder":10,"dungeons_mobs:necromancer_trident":1,"minecraft:string":2,"minecraft:dirt":2,"minecraft:bone":9,"minecraft:diamond_leggings":2,"minecraft:wheat_seeds":11,"minecraft:diamond_helmet":1,"minecraft:enchanted_golden_apple":125,"dungeons_mobs:netherplate_helmet":3,"majruszs_difficulty:wither_sword":1,"minecraft:torch":5,"minecraft:dandelion":3,"minecraft:gravel":6,"minecraft:porkchop":2,"minecraft:vine":1,"minecraft:spider_eye":1,"majruszs_difficulty:end_sword":1,"minecraft:diamond_chestplate":2,"minecraft:arrow":4,"minecraft:command_block":7,"minecraft:rotten_flesh":5,"minecraft:polished_blackstone_pressure_plate":1,"dungeons_mobs:purple_trident":1,"minecraft:diamond_boots":2,"mowziesmobs:ice_crystal":1,"minecraft:totem_of_undying":11,"dungeons_mobs:wildfire_spawn_egg":1,"minecraft:coal":2,"minecraft:ender_pearl":2},"minecraft:used":{"minecraft:mossy_stone_bricks":19,"minecraft:water_bucket":338,"minecraft:netherite_sword":73,"minecraft:acacia_log":78,"minecraft:polished_diorite_slab":16,"minecraft:blackstone":5,"minecraft:shield":1,"minecraft:stone":657,"minecraft:grass":5,"minecraft:purpur_pillar":54,"dungeons_mobs:wildfire_spawn_egg":5,"minecraft:torch":36,"minecraft:polished_blackstone_pressure_plate":1,"minecraft:dirt":92,"minecraft:purpur_stairs":8,"minecraft:vine":206,"minecraft:crimson_trapdoor":30,"minecraft:crossbow":8,"minecraft:polished_blackstone_slab":4,"minecraft:wooden_axe":4,"minecraft:sea_lantern":14,"minecraft:black_concrete":6,"minecraft:warped_trapdoor":87,"minecraft:lantern":9,"minecraft:grass_block":224,"minecraft:netherite_axe":2,"minecraft:stone_slab":413,"minecraft:purpur_slab":9,"minecraft:totem_of_undying":3,"majruszs_difficulty:end_sword":24,"majruszs_difficulty:wither_sword":57,"minecraft:soul_lantern":8,"minecraft:cobblestone":22,"minecraft:enchanted_golden_apple":6,"dungeons_mobs:purple_trident":1,"minecraft:soul_torch":23,"minecraft:gray_stained_glass":12},"minecraft:killed_by":{"minecraft:wither_skeleton":1}},"DataVersion":2586}