{"stats":{"minecraft:killed":{"majruszs_difficulty:creeperling":1,"minecraft:pig":2,"minecraft:spider":10,"minecraft:bat":1,"minecraft:wandering_trader":1,"minecraft:creeper":9,"minecraft:sheep":1,"minecraft:skeleton":34,"dungeons_mobs:wildfire":6,"minecraft:zombie":11,"minecraft:wither_skeleton":18,"minecraft:cow":1,"minecraft:blaze":2,"minecraft:enderman":2},"minecraft:dropped":{"minecraft:enchanted_book":8,"minecraft:vine":1,"minecraft:wheat_seeds":3,"minecraft:rotten_flesh":2,"minecraft:iron_boots":1,"minecraft:command_block":1,"majruszs_difficulty:end_leggings":4,"minecraft:skeleton_spawn_egg":1,"minecraft:totem_of_undying":20,"minecraft:dirt":48,"minecraft:tipped_arrow":1,"minecraft:stone":1,"minecraft:mutton":2,"minecraft:wooden_axe":2,"minecraft:diamond_helmet":2,"majruszs_difficulty:end_boots":6,"majruszs_difficulty:end_helmet":5,"minecraft:spider_eye":1,"minecraft:arrow":15,"majruszs_difficulty:end_chestplate":4,"minecraft:string":5,"minecraft:white_wool":2,"minecraft:bone":14,"majruszs_difficulty:end_sword":2,"minecraft:dandelion":2},"minecraft:mined":{"minecraft:tall_grass":8,"minecraft:fire":6,"minecraft:grass":20},"minecraft:custom":{"minecraft:interact_with_anvil":4,"minecraft:mob_kills":108,"minecraft:play_one_minute":259377,"minecraft:open_shulker_box":5,"minecraft:damage_dealt_resisted":119,"minecraft:leave_game":3,"minecraft:time_since_death":16099,"minecraft:climb_one_cm":1910,"minecraft:damage_resisted":3031,"minecraft:time_since_rest":16123,"minecraft:sprint_one_cm":97908,"minecraft:walk_one_cm":505198,"minecraft:damage_taken":5616,"minecraft:damage_absorbed":3301,"minecraft:drop":75,"minecraft:damage_dealt":21914,"minecraft:swim_one_cm":12024,"minecraft:fly_one_cm":841602,"minecraft:open_chest":8,"minecraft:crouch_one_cm":10344,"minecraft:deaths":11,"minecraft:sneak_time":8542,"minecraft:walk_under_water_one_cm":63834,"minecraft:jump":1828,"minecraft:walk_on_water_one_cm":64346,"minecraft:fall_one_cm":16168},"minecraft:picked_up":{"minecraft:wooden_axe":3,"majruszs_difficulty:end_axe":1,"minecraft:enchanted_book":8,"minecraft:wither_skeleton_skull":1,"minecraft:gunpowder":10,"majruszs_difficulty:end_boots":4,"dungeons_mobs:necromancer_trident":1,"minecraft:string":7,"minecraft:dirt":50,"minecraft:cooked_mutton":1,"minecraft:bone":59,"minecraft:diamond_leggings":2,"minecraft:wheat_seeds":15,"minecraft:diamond_helmet":5,"minecraft:enchanted_golden_apple":232,"dungeons_mobs:netherplate_helmet":3,"minecraft:iron_boots":1,"minecraft:tipped_arrow":1,"majruszs_difficulty:wither_sword":1,"minecraft:torch":9,"minecraft:dandelion":3,"minecraft:gravel":6,"minecraft:porkchop":2,"majruszs_difficulty:end_chestplate":3,"majruszs_difficulty:end_leggings":3,"minecraft:vine":1,"minecraft:wither_skeleton_spawn_egg":1,"minecraft:gray_shulker_box":1,"minecraft:spider_eye":2,"majruszs_difficulty:end_sword":2,"minecraft:skeleton_spawn_egg":2,"majruszs_difficulty:end_helmet":3,"minecraft:diamond_chestplate":2,"minecraft:arrow":43,"minecraft:command_block":7,"minecraft:rotten_flesh":8,"minecraft:polished_blackstone_pressure_plate":1,"dungeons_mobs:purple_trident":1,"minecraft:diamond_boots":2,"mowziesmobs:ice_crystal":1,"minecraft:totem_of_undying":40,"minecraft:mutton":2,"dungeons_mobs:wildfire_spawn_egg":1,"minecraft:coal":9,"minecraft:white_wool":3,"minecraft:ender_pearl":3},"minecraft:used":{"minecraft:mossy_stone_bricks":19,"minecraft:water_bucket":338,"minecraft:netherite_sword":91,"minecraft:acacia_log":78,"minecraft:polished_diorite_slab":16,"minecraft:blackstone":5,"minecraft:ender_pearl":1,"minecraft:shield":1,"minecraft:stone":846,"majruszs_difficulty:end_axe":29,"minecraft:grass":5,"minecraft:purpur_pillar":54,"dungeons_mobs:wildfire_spawn_egg":5,"minecraft:torch":53,"minecraft:polished_blackstone_pressure_plate":1,"minecraft:dirt":92,"minecraft:purpur_stairs":8,"minecraft:anvil":1,"minecraft:skeleton_spawn_egg":25,"minecraft:vine":208,"minecraft:crimson_trapdoor":30,"minecraft:crossbow":8,"minecraft:polished_blackstone_slab":4,"minecraft:wooden_axe":4,"minecraft:sea_lantern":14,"minecraft:black_concrete":6,"minecraft:warped_trapdoor":87,"minecraft:lantern":9,"minecraft:grass_block":224,"minecraft:netherite_axe":2,"minecraft:stone_slab":426,"minecraft:purpur_slab":9,"minecraft:totem_of_undying":10,"majruszs_difficulty:end_sword":256,"majruszs_difficulty:wither_sword":62,"minecraft:soul_lantern":8,"minecraft:cobblestone":22,"minecraft:enchanted_golden_apple":29,"dungeons_mobs:purple_trident":1,"minecraft:soul_torch":23,"minecraft:gray_stained_glass":12},"minecraft:killed_by":{"minecraft:wither_skeleton":1,"minecraft:skeleton":2},"minecraft:broken":{"majruszs_difficulty:end_helmet":1,"majruszs_difficulty:end_boots":1}},"DataVersion":2586}