{"stats":{"minecraft:dropped":{"minecraft:vine":1,"minecraft:stone":1,"minecraft:wooden_axe":2,"minecraft:dandelion":2},"minecraft:killed":{"minecraft:skeleton":4,"dungeons_mobs:wildfire":1,"minecraft:zombie":6,"minecraft:pig":2,"minecraft:spider":4,"minecraft:bat":1,"minecraft:creeper":9,"minecraft:enderman":2},"minecraft:custom":{"minecraft:time_since_rest":1771,"minecraft:sprint_one_cm":17789,"minecraft:damage_taken":730,"minecraft:walk_one_cm":351470,"minecraft:mob_kills":30,"minecraft:drop":6,"minecraft:damage_dealt":5859,"minecraft:swim_one_cm":12024,"minecraft:fly_one_cm":519847,"minecraft:open_chest":2,"minecraft:open_shulker_box":3,"minecraft:crouch_one_cm":6741,"minecraft:play_one_minute":211377,"minecraft:deaths":8,"minecraft:sneak_time":7275,"minecraft:walk_under_water_one_cm":62906,"minecraft:jump":661,"minecraft:leave_game":3,"minecraft:walk_on_water_one_cm":59920,"minecraft:time_since_death":1743,"minecraft:climb_one_cm":1810,"minecraft:fall_one_cm":209},"minecraft:picked_up":{"minecraft:wooden_axe":3,"minecraft:torch":5,"minecraft:dandelion":3,"minecraft:gravel":6,"minecraft:porkchop":2,"minecraft:vine":1,"minecraft:gunpowder":10,"dungeons_mobs:necromancer_trident":1,"minecraft:dirt":2,"minecraft:string":2,"minecraft:command_block":6,"minecraft:bone":5,"minecraft:arrow":4,"minecraft:rotten_flesh":5,"minecraft:wheat_seeds":11,"minecraft:polished_blackstone_pressure_plate":1,"dungeons_mobs:purple_trident":1,"mowziesmobs:ice_crystal":1,"minecraft:ender_pearl":2},"minecraft:used":{"minecraft:polished_blackstone_slab":4,"minecraft:netherite_sword":73,"minecraft:water_bucket":338,"minecraft:wooden_axe":4,"minecraft:mossy_stone_bricks":19,"minecraft:sea_lantern":14,"minecraft:black_concrete":6,"minecraft:warped_trapdoor":87,"minecraft:acacia_log":78,"minecraft:lantern":9,"minecraft:grass_block":224,"minecraft:netherite_axe":2,"minecraft:polished_diorite_slab":16,"minecraft:blackstone":5,"minecraft:stone_slab":413,"minecraft:purpur_slab":9,"minecraft:stone":657,"minecraft:grass":5,"minecraft:purpur_pillar":54,"minecraft:soul_lantern":8,"minecraft:purpur_stairs":8,"minecraft:polished_blackstone_pressure_plate":1,"minecraft:torch":36,"minecraft:dirt":92,"minecraft:cobblestone":22,"minecraft:vine":206,"minecraft:crimson_trapdoor":30,"minecraft:crossbow":8,"dungeons_mobs:purple_trident":1,"minecraft:soul_torch":23,"minecraft:gray_stained_glass":12}},"DataVersion":2586}