{"stats":{"minecraft:dropped":{"minecraft:iron_ore":3,"minecraft:white_wool":1},"minecraft:killed":{"minecraft:salmon":1,"minecraft:spider":2,"minecraft:bat":1,"minecraft:creeper":3,"minecraft:sheep":7,"minecraft:horse":1,"minecraft:skeleton":2,"minecraft:zombie":7,"minecraft:cow":1},"minecraft:crafted":{"minecraft:oak_planks":100,"minecraft:arrow":32,"minecraft:emerald":4,"minecraft:crafting_table":1,"minecraft:spruce_planks":16,"minecraft:wooden_pickaxe":1,"minecraft:iron_helmet":1,"minecraft:furnace":2,"minecraft:bucket":2,"minecraft:stone_axe":1,"minecraft:bread":156,"minecraft:cooked_mutton":5,"minecraft:air":0,"minecraft:bow":1,"minecraft:iron_boots":1,"minecraft:iron_chestplate":1,"minecraft:golden_apple":1,"minecraft:stick":152,"minecraft:iron_ingot":33,"minecraft:iron_pickaxe":1,"minecraft:stone_pickaxe":1,"minecraft:wooden_axe":1,"minecraft:stone_sword":1,"minecraft:chest":2,"minecraft:gold_ingot":15,"minecraft:iron_leggings":1,"minecraft:white_bed":1,"minecraft:torch":20,"minecraft:stone_hoe":1,"minecraft:wheat":468},"minecraft:used":{"minecraft:cooked_mutton":4,"minecraft:water_bucket":16,"minecraft:diorite":6,"minecraft:stone_sword":16,"minecraft:stone_pickaxe":96,"minecraft:oak_planks":4,"minecraft:chest":2,"minecraft:wooden_pickaxe":16,"minecraft:spruce_planks":2,"minecraft:shield":8,"minecraft:stone_hoe":78,"minecraft:rotten_flesh":2,"minecraft:torch":20,"minecraft:golden_apple":1,"minecraft:dirt":14,"minecraft:crafting_table":5,"minecraft:white_bed":6,"minecraft:oak_log":1,"minecraft:wooden_axe":8,"minecraft:lava_bucket":18,"minecraft:bread":7,"minecraft:iron_pickaxe":71,"minecraft:stone_axe":58,"minecraft:fire_charge":1,"minecraft:cobblestone":46,"minecraft:bow":17,"minecraft:beef":2,"minecraft:furnace":3,"minecraft:bucket":35,"minecraft:egg":1},"minecraft:picked_up":{"minecraft:stripped_oak_log":14,"minecraft:crafting_table":5,"minecraft:andesite":3,"minecraft:leather":2,"minecraft:potato":1,"minecraft:flint":1,"minecraft:oak_log":14,"minecraft:shield":1,"minecraft:gunpowder":5,"minecraft:string":2,"minecraft:dirt":14,"minecraft:bone":1,"minecraft:beef":6,"minecraft:red_dye":3,"minecraft:iron_ore":36,"minecraft:light_gray_wool":1,"minecraft:oak_planks":2,"minecraft:egg":4,"minecraft:furnace":1,"minecraft:fire_charge":1,"minecraft:gravel":4,"minecraft:sand":2,"minecraft:diorite":6,"minecraft:white_bed":6,"minecraft:spruce_log":4,"minecraft:gold_ore":15,"minecraft:rotten_flesh":7,"minecraft:hay_block":73,"minecraft:mutton":9,"minecraft:coal":46,"minecraft:white_wool":7,"minecraft:cobblestone":84},"minecraft:mined":{"minecraft:white_bed":6,"minecraft:crafting_table":5,"minecraft:grass_block":4,"minecraft:cobblestone":10,"minecraft:spruce_leaves":4,"minecraft:oak_planks":4,"minecraft:diorite":4,"minecraft:hay_block":73,"minecraft:furnace":2,"minecraft:fire":2,"minecraft:iron_ore":37,"minecraft:spruce_log":4,"minecraft:andesite":3,"minecraft:grass":7,"minecraft:oak_log":14,"minecraft:coal_ore":35,"minecraft:gravel":5,"minecraft:sand":3,"minecraft:dirt":10,"minecraft:stripped_oak_log":14,"minecraft:stone":74,"minecraft:gold_ore":16},"minecraft:custom":{"minecraft:interact_with_furnace":27,"minecraft:mob_kills":23,"minecraft:traded_with_villager":7,"minecraft:interact_with_crafting_table":19,"minecraft:play_one_minute":76304,"minecraft:leave_game":1,"minecraft:time_since_death":76304,"minecraft:sleep_in_bed":5,"minecraft:climb_one_cm":487,"minecraft:time_since_rest":7578,"minecraft:sprint_one_cm":229976,"minecraft:damage_taken":233,"minecraft:walk_one_cm":205577,"minecraft:damage_blocked_by_shield":260,"minecraft:drop":4,"minecraft:damage_dealt":2575,"minecraft:talked_to_villager":10,"minecraft:swim_one_cm":5995,"minecraft:fly_one_cm":388098,"minecraft:open_chest":22,"minecraft:crouch_one_cm":26702,"minecraft:sneak_time":7890,"minecraft:walk_under_water_one_cm":1887,"minecraft:jump":1930,"minecraft:walk_on_water_one_cm":4012,"minecraft:fall_one_cm":39801}},"DataVersion":2586}