{"stats":{"minecraft:killed":{"minecraft:spider":12,"minecraft:skeleton":38,"dungeons_mobs:wildfire":6,"minecraft:magma_cube":15,"majruszs_difficulty:creeperling":2,"minecraft:pig":2,"dungeons_mobs:endersent":1,"minecraft:bat":1,"minecraft:wandering_trader":1,"minecraft:creeper":9,"minecraft:sheep":1,"minecraft:zombie":11,"minecraft:ghast":1,"dungeons_mobs:blastling":1,"minecraft:wither_skeleton":18,"dungeons_mobs:snareling":1,"minecraft:cow":1,"minecraft:enderman":3,"minecraft:blaze":2},"minecraft:dropped":{"minecraft:enchanted_book":8,"minecraft:vine":1,"minecraft:wheat_seeds":7,"minecraft:ender_pearl":8,"minecraft:iron_helmet":1,"minecraft:command_block":1,"majruszs_difficulty:end_leggings":5,"minecraft:dragon_breath":7,"minecraft:coal":4,"minecraft:lava_bucket":1,"minecraft:dirt":48,"minecraft:wither_skeleton_spawn_egg":1,"minecraft:torch":5,"minecraft:mutton":2,"minecraft:wooden_axe":2,"minecraft:diamond_helmet":2,"majruszs_difficulty:ender_dragon_treasure_bag":1,"minecraft:black_concrete":1,"majruszs_difficulty:end_chestplate":6,"minecraft:string":5,"minecraft:white_wool":2,"minecraft:end_crystal":3,"minecraft:dandelion":2,"minecraft:bone":75,"minecraft:anvil":2,"minecraft:black_carpet":1,"minecraft:netherite_sword":1,"minecraft:experience_bottle":75,"minecraft:rotten_flesh":3,"minecraft:iron_boots":1,"minecraft:enchanted_golden_apple":171,"minecraft:skeleton_spawn_egg":2,"minecraft:totem_of_undying":30,"minecraft:sea_lantern":1,"minecraft:tipped_arrow":4,"minecraft:stone":2,"minecraft:black_concrete_powder":1,"minecraft:diamond_chestplate":1,"majruszs_difficulty:end_boots":6,"majruszs_difficulty:end_helmet":5,"minecraft:spider_eye":1,"minecraft:arrow":16,"majruszs_difficulty:end_sword":2},"minecraft:mined":{"minecraft:grass_block":3,"minecraft:fire":6,"minecraft:tall_grass":9,"minecraft:grass":27,"minecraft:dirt":3},"minecraft:custom":{"minecraft:mob_kills":139,"minecraft:interact_with_anvil":4,"minecraft:open_shulker_box":5,"minecraft:damage_dealt_resisted":185,"minecraft:leave_game":4,"minecraft:time_since_death":832,"minecraft:climb_one_cm":1910,"minecraft:damage_resisted":3031,"minecraft:sprint_one_cm":114514,"minecraft:walk_one_cm":581073,"minecraft:drop":121,"minecraft:deaths":12,"minecraft:sneak_time":9804,"minecraft:walk_under_water_one_cm":63834,"minecraft:jump":2145,"minecraft:walk_on_water_one_cm":64346,"minecraft:play_one_minute":295319,"minecraft:time_since_rest":874,"minecraft:damage_taken":5907,"minecraft:damage_absorbed":3325,"minecraft:damage_dealt":28709,"minecraft:swim_one_cm":12024,"minecraft:fly_one_cm":1014618,"minecraft:open_chest":10,"minecraft:crouch_one_cm":12335,"minecraft:fall_one_cm":18617},"minecraft:picked_up":{"minecraft:wooden_axe":3,"minecraft:black_carpet":1,"majruszs_difficulty:end_axe":1,"minecraft:anvil":1,"minecraft:enchanted_book":8,"minecraft:dragon_breath":159,"dungeons_mobs:necromancer_trident":1,"minecraft:string":13,"minecraft:experience_bottle":193,"minecraft:diamond_leggings":2,"minecraft:netherite_sword":1,"minecraft:enchanted_golden_apple":296,"dungeons_mobs:netherplate_helmet":3,"minecraft:iron_boots":1,"minecraft:tipped_arrow":7,"minecraft:stone":1,"majruszs_difficulty:wither_sword":1,"minecraft:torch":11,"minecraft:porkchop":2,"minecraft:vine":1,"minecraft:end_crystal":41,"minecraft:gray_shulker_box":1,"minecraft:diamond_chestplate":3,"minecraft:command_block":7,"majruszs_difficulty:end_helmet":4,"minecraft:arrow":45,"minecraft:rotten_flesh":10,"majruszs_difficulty:end_shard_locator":7,"dungeons_mobs:purple_trident":1,"minecraft:diamond_boots":2,"mowziesmobs:ice_crystal":1,"minecraft:totem_of_undying":43,"minecraft:white_shulker_box":1,"minecraft:mutton":2,"minecraft:white_wool":3,"majruszs_difficulty:end_boots":5,"minecraft:wither_skeleton_skull":1,"minecraft:gunpowder":10,"minecraft:dirt":56,"minecraft:cooked_mutton":1,"minecraft:bone":91,"minecraft:wheat_seeds":20,"minecraft:diamond_helmet":5,"majruszs_difficulty:ender_dragon_treasure_bag":1,"minecraft:dandelion":3,"minecraft:gravel":6,"majruszs_difficulty:end_chestplate":7,"majruszs_difficulty:end_leggings":4,"minecraft:sea_lantern":1,"minecraft:spider_eye":3,"majruszs_difficulty:end_sword":2,"minecraft:wither_skeleton_spawn_egg":1,"minecraft:skeleton_spawn_egg":2,"minecraft:black_concrete_powder":1,"minecraft:black_concrete":1,"minecraft:polished_blackstone_pressure_plate":1,"minecraft:iron_helmet":1,"minecraft:coal":9,"dungeons_mobs:wildfire_spawn_egg":1,"minecraft:ender_pearl":170},"minecraft:used":{"minecraft:netherite_sword":91,"minecraft:polished_blackstone_brick_slab":3,"minecraft:acacia_log":78,"minecraft:polished_blackstone":41,"minecraft:shield":1,"minecraft:stone":857,"minecraft:grass":5,"dungeons_mobs:wildfire_spawn_egg":5,"minecraft:torch":83,"minecraft:dirt":98,"minecraft:anvil":1,"minecraft:skeleton_spawn_egg":25,"minecraft:polished_blackstone_slab":12,"majruszs_difficulty:ender_dragon_treasure_bag":21,"minecraft:wooden_axe":4,"minecraft:sea_lantern":24,"minecraft:lava_bucket":1,"minecraft:lantern":9,"minecraft:grass_block":258,"minecraft:totem_of_undying":11,"majruszs_difficulty:wither_sword":62,"minecraft:enchanted_golden_apple":29,"dungeons_mobs:purple_trident":1,"minecraft:mossy_stone_bricks":19,"minecraft:water_bucket":338,"minecraft:polished_diorite_slab":16,"minecraft:blackstone":24,"minecraft:ender_pearl":1,"majruszs_difficulty:end_axe":56,"minecraft:purpur_pillar":54,"minecraft:polished_blackstone_pressure_plate":1,"minecraft:purpur_stairs":8,"minecraft:vine":208,"minecraft:crimson_trapdoor":30,"minecraft:crossbow":8,"minecraft:black_concrete":150,"minecraft:warped_trapdoor":87,"minecraft:netherite_axe":2,"minecraft:stone_slab":426,"minecraft:purpur_slab":9,"majruszs_difficulty:end_sword":332,"minecraft:soul_lantern":8,"minecraft:cobblestone":22,"minecraft:soul_torch":23,"minecraft:gray_stained_glass":12},"minecraft:killed_by":{"minecraft:wither_skeleton":1,"minecraft:skeleton":2},"minecraft:broken":{"majruszs_difficulty:end_helmet":1,"majruszs_difficulty:end_boots":1}},"DataVersion":2586}