{"stats":{"minecraft:killed":{"minecraft:evoker":1,"minecraft:spider":12,"majruszs_difficulty:elite_skeleton":1,"minecraft:phantom":5,"minecraft:skeleton":43,"dungeons_mobs:wildfire":6,"minecraft:magma_cube":24,"majruszs_difficulty:creeperling":2,"minecraft:pig":2,"dungeons_mobs:endersent":1,"minecraft:bat":1,"minecraft:wandering_trader":1,"minecraft:creeper":9,"minecraft:sheep":1,"minecraft:zombie":11,"minecraft:ghast":1,"dungeons_mobs:blastling":1,"dungeons_mobs:snareling":1,"dungeons_mobs:wavewhisperer":3,"minecraft:wither_skeleton":19,"minecraft:cow":1,"minecraft:enderman":3,"minecraft:blaze":2},"minecraft:dropped":{"minecraft:enchanted_book":8,"minecraft:vine":1,"minecraft:wheat_seeds":9,"minecraft:polished_blackstone":1,"minecraft:ender_pearl":10,"minecraft:iron_helmet":1,"minecraft:command_block":1,"majruszs_difficulty:end_leggings":5,"minecraft:dragon_breath":7,"minecraft:grass_block":2,"minecraft:coal":6,"minecraft:emerald":3,"minecraft:lava_bucket":2,"minecraft:dirt":48,"minecraft:wither_skeleton_spawn_egg":1,"minecraft:torch":5,"minecraft:mutton":2,"minecraft:wooden_axe":2,"minecraft:diamond_helmet":2,"minecraft:sunflower":1,"majruszs_difficulty:ender_dragon_treasure_bag":1,"minecraft:polished_blackstone_brick_slab":1,"minecraft:wither_rose":1,"minecraft:polished_blackstone_bricks":1,"minecraft:black_concrete":2,"minecraft:polished_blackstone_slab":1,"majruszs_difficulty:end_chestplate":8,"minecraft:string":5,"minecraft:white_wool":2,"minecraft:end_crystal":3,"minecraft:dandelion":3,"minecraft:bone":97,"minecraft:anvil":2,"minecraft:kelp":2,"minecraft:blackstone":1,"minecraft:gray_stained_glass":1,"minecraft:black_carpet":2,"minecraft:netherite_sword":2,"minecraft:experience_bottle":75,"minecraft:white_carpet":1,"minecraft:rotten_flesh":4,"minecraft:iron_boots":1,"minecraft:enchanted_golden_apple":171,"minecraft:light_gray_carpet":1,"minecraft:white_shulker_box":1,"minecraft:skeleton_spawn_egg":2,"minecraft:totem_of_undying":31,"minecraft:sea_lantern":2,"minecraft:tipped_arrow":8,"minecraft:stone":2,"minecraft:gunpowder":1,"minecraft:black_concrete_powder":2,"minecraft:diamond_chestplate":1,"majruszs_difficulty:end_boots":6,"majruszs_difficulty:end_helmet":5,"minecraft:spider_eye":2,"minecraft:arrow":27,"minecraft:magma_cream":3,"minecraft:ghast_tear":2,"majruszs_difficulty:end_sword":2},"minecraft:mined":{"minecraft:grass_block":3,"minecraft:fire":6,"minecraft:tall_grass":9,"minecraft:grass":27,"minecraft:dirt":3},"minecraft:custom":{"minecraft:mob_kills":162,"minecraft:interact_with_anvil":4,"minecraft:open_shulker_box":5,"minecraft:damage_dealt_resisted":185,"minecraft:leave_game":6,"minecraft:time_since_death":46786,"minecraft:climb_one_cm":2627,"minecraft:damage_resisted":3031,"minecraft:sprint_one_cm":146989,"minecraft:walk_one_cm":724790,"minecraft:drop":158,"minecraft:damage_dealt_absorbed":80,"minecraft:deaths":12,"minecraft:sneak_time":12454,"minecraft:walk_under_water_one_cm":64909,"minecraft:jump":2444,"minecraft:walk_on_water_one_cm":66263,"minecraft:play_one_minute":341273,"minecraft:time_since_rest":46828,"minecraft:damage_taken":5907,"minecraft:damage_absorbed":3325,"minecraft:damage_dealt":34036,"minecraft:swim_one_cm":12468,"minecraft:fly_one_cm":1214774,"minecraft:open_chest":10,"minecraft:crouch_one_cm":17540,"minecraft:fall_one_cm":18617},"minecraft:picked_up":{"minecraft:wooden_axe":3,"minecraft:black_carpet":1,"majruszs_difficulty:end_axe":1,"minecraft:anvil":1,"minecraft:enchanted_book":8,"minecraft:dragon_breath":159,"dungeons_mobs:necromancer_trident":1,"minecraft:string":13,"minecraft:experience_bottle":193,"minecraft:diamond_leggings":3,"minecraft:netherite_sword":1,"minecraft:enchanted_golden_apple":296,"dungeons_mobs:netherplate_helmet":3,"minecraft:phantom_membrane":6,"minecraft:iron_boots":1,"minecraft:tipped_arrow":8,"minecraft:stone":1,"majruszs_difficulty:wither_sword":1,"minecraft:torch":14,"minecraft:porkchop":2,"minecraft:vine":1,"minecraft:end_crystal":41,"minecraft:gray_shulker_box":1,"minecraft:rotten_flesh":10,"minecraft:arrow":55,"majruszs_difficulty:end_helmet":4,"minecraft:command_block":7,"minecraft:diamond_chestplate":3,"majruszs_difficulty:end_shard_locator":7,"dungeons_mobs:purple_trident":1,"minecraft:diamond_boots":2,"mowziesmobs:ice_crystal":1,"minecraft:totem_of_undying":45,"minecraft:white_shulker_box":1,"minecraft:mutton":2,"minecraft:white_wool":3,"minecraft:magma_cream":3,"minecraft:wither_skeleton_skull":1,"minecraft:gunpowder":11,"majruszs_difficulty:end_boots":5,"minecraft:dirt":56,"minecraft:cooked_mutton":1,"minecraft:bone":112,"minecraft:kelp":2,"minecraft:bow":1,"minecraft:wheat_seeds":20,"minecraft:diamond_helmet":5,"majruszs_difficulty:ender_dragon_treasure_bag":1,"minecraft:ghast_tear":2,"minecraft:dandelion":3,"minecraft:gravel":6,"majruszs_difficulty:end_chestplate":7,"majruszs_difficulty:end_leggings":4,"minecraft:sea_lantern":1,"minecraft:spider_eye":3,"majruszs_difficulty:end_sword":2,"minecraft:wither_skeleton_spawn_egg":1,"minecraft:skeleton_spawn_egg":2,"minecraft:black_concrete_powder":1,"minecraft:black_concrete":1,"minecraft:polished_blackstone_pressure_plate":1,"minecraft:iron_helmet":1,"minecraft:crossbow":1,"minecraft:diamond_axe":1,"minecraft:emerald":3,"minecraft:coal":11,"dungeons_mobs:wildfire_spawn_egg":1,"minecraft:ender_pearl":170},"minecraft:used":{"minecraft:netherite_sword":91,"minecraft:polished_blackstone_brick_slab":3,"minecraft:acacia_log":78,"minecraft:polished_blackstone":41,"minecraft:light_gray_carpet":93,"minecraft:black_carpet":40,"minecraft:shield":1,"minecraft:stone":859,"minecraft:grass":5,"dungeons_mobs:wildfire_spawn_egg":5,"minecraft:torch":98,"minecraft:dirt":98,"minecraft:anvil":1,"minecraft:skeleton_spawn_egg":25,"minecraft:white_carpet":15,"minecraft:polished_blackstone_slab":12,"majruszs_difficulty:ender_dragon_treasure_bag":21,"minecraft:wooden_axe":4,"minecraft:sea_lantern":24,"minecraft:lava_bucket":3,"minecraft:lantern":17,"minecraft:grass_block":290,"minecraft:totem_of_undying":11,"majruszs_difficulty:wither_sword":62,"minecraft:enchanted_golden_apple":30,"dungeons_mobs:purple_trident":1,"minecraft:water_bucket":338,"minecraft:mossy_stone_bricks":19,"minecraft:polished_diorite_slab":16,"minecraft:ender_pearl":1,"minecraft:blackstone":24,"majruszs_difficulty:end_axe":77,"minecraft:purpur_pillar":54,"minecraft:polished_blackstone_pressure_plate":1,"minecraft:purpur_stairs":8,"minecraft:vine":208,"minecraft:crimson_trapdoor":30,"minecraft:crossbow":8,"minecraft:black_concrete":300,"minecraft:warped_trapdoor":87,"minecraft:sunflower":2,"minecraft:netherite_axe":2,"minecraft:stone_slab":435,"minecraft:purpur_slab":9,"majruszs_difficulty:end_sword":375,"minecraft:soul_lantern":21,"minecraft:cobblestone":22,"minecraft:wither_rose":1,"minecraft:dandelion":9,"minecraft:soul_torch":23,"minecraft:gray_stained_glass":64},"minecraft:killed_by":{"minecraft:wither_skeleton":1,"minecraft:skeleton":2},"minecraft:broken":{"majruszs_difficulty:end_helmet":1,"majruszs_difficulty:end_boots":1}},"DataVersion":2586}