{"stats":{"minecraft:dropped":{"minecraft:tnt":1,"minecraft:spider_eye":2,"minecraft:flint_and_steel":1},"minecraft:mined":{"minecraft:crafting_table":1,"minecraft:grass":2,"minecraft:oak_log":4},"minecraft:used":{"minecraft:wooden_axe":2,"minecraft:netherite_sword":55,"minecraft:grass_block":26,"minecraft:wooden_pickaxe":3,"minecraft:stone":335,"minecraft:dirt":282,"minecraft:cobblestone":46,"minecraft:tnt":489,"minecraft:crafting_table":1,"minecraft:sponge":45,"minecraft:splash_potion":182},"minecraft:picked_up":{"minecraft:crafting_table":1,"minecraft:prismarine_shard":2,"minecraft:andesite":48,"minecraft:golden_leggings":1,"minecraft:oak_log":4,"minecraft:diorite":17,"minecraft:spider_eye":2,"minecraft:dirt":60,"minecraft:prismarine_crystals":1,"minecraft:string":2,"minecraft:tnt":1,"minecraft:flint_and_steel":1,"minecraft:bone":5,"minecraft:arrow":8,"minecraft:rotten_flesh":4,"minecraft:bow":1,"minecraft:granite":2,"minecraft:cobblestone":39},"minecraft:killed":{"minecraft:skeleton":9,"minecraft:guardian":1,"minecraft:zombie":3,"minecraft:witch":1,"minecraft:elder_guardian":1,"minecraft:spider":2,"minecraft:creeper":1},"minecraft:custom":{"minecraft:time_since_rest":48853,"minecraft:sprint_one_cm":11338,"minecraft:walk_one_cm":79192,"minecraft:mob_kills":19,"minecraft:drop":4,"minecraft:damage_dealt":4074,"minecraft:swim_one_cm":16209,"minecraft:interact_with_crafting_table":2,"minecraft:fly_one_cm":612006,"minecraft:crouch_one_cm":5083,"minecraft:play_one_minute":48853,"minecraft:sneak_time":2390,"minecraft:walk_under_water_one_cm":24524,"minecraft:jump":326,"minecraft:leave_game":1,"minecraft:walk_on_water_one_cm":2546,"minecraft:time_since_death":48853},"minecraft:crafted":{"minecraft:oak_planks":16,"minecraft:crafting_table":1,"minecraft:stick":8,"minecraft:wooden_pickaxe":1,"minecraft:wooden_axe":1}},"DataVersion":2586}