{"stats":{"minecraft:used":{"minecraft:stone_shovel":78,"minecraft:chest":2,"minecraft:spruce_planks":32,"minecraft:shield":13,"minecraft:iron_sword":2,"minecraft:bell":1,"minecraft:stone_hoe":39,"minecraft:torch":52,"minecraft:brewing_stand":1,"minecraft:dirt":5,"minecraft:spruce_boat":6,"minecraft:iron_axe":127,"minecraft:bow":11,"minecraft:sweet_berries":10,"minecraft:furnace":7,"minecraft:cooked_beef":3,"minecraft:golden_axe":10,"minecraft:stone_pickaxe":82,"minecraft:wooden_pickaxe":3,"minecraft:composter":2,"minecraft:fletching_table":10,"minecraft:golden_apple":2,"minecraft:crafting_table":9,"minecraft:white_bed":10,"minecraft:iron_pickaxe":185,"minecraft:bread":3,"minecraft:spruce_sapling":8,"minecraft:stone_axe":93,"minecraft:cobblestone":2,"minecraft:grindstone":2,"minecraft:bucket":1,"minecraft:yellow_bed":5,"minecraft:bone_meal":5},"minecraft:crafted":{"minecraft:grindstone":1,"minecraft:smooth_stone":3,"minecraft:stone_shovel":1,"minecraft:furnace":5,"minecraft:stone":6,"minecraft:bone_meal":6,"minecraft:bow":1,"minecraft:iron_axe":1,"minecraft:stone_pickaxe":2,"minecraft:chest":2,"minecraft:spruce_boat":1,"minecraft:stone_hoe":1,"minecraft:cooked_beef":8,"minecraft:red_dye":3,"minecraft:arrow":48,"minecraft:emerald":21,"minecraft:crafting_table":3,"minecraft:spruce_planks":512,"minecraft:wooden_pickaxe":1,"minecraft:iron_sword":1,"minecraft:fletching_table":3,"minecraft:bucket":1,"minecraft:stone_axe":1,"minecraft:bread":12,"minecraft:air":0,"minecraft:golden_apple":2,"minecraft:shield":2,"minecraft:stick":716,"minecraft:stone_slab":6,"minecraft:iron_ingot":10,"minecraft:iron_pickaxe":1,"minecraft:gold_ingot":18,"minecraft:white_bed":2,"minecraft:torch":64},"minecraft:custom":{"minecraft:mob_kills":31,"minecraft:interact_with_crafting_table":27,"minecraft:leave_game":1,"minecraft:time_since_death":69362,"minecraft:climb_one_cm":535,"minecraft:sprint_one_cm":172245,"minecraft:walk_one_cm":122098,"minecraft:damage_blocked_by_shield":485,"minecraft:drop":10,"minecraft:talked_to_villager":46,"minecraft:sneak_time":13060,"minecraft:walk_under_water_one_cm":640,"minecraft:jump":1669,"minecraft:walk_on_water_one_cm":3365,"minecraft:interact_with_furnace":26,"minecraft:traded_with_villager":29,"minecraft:play_one_minute":69362,"minecraft:sleep_in_bed":5,"minecraft:time_since_rest":8959,"minecraft:damage_taken":211,"minecraft:damage_dealt":3338,"minecraft:swim_one_cm":3190,"minecraft:fly_one_cm":361818,"minecraft:open_chest":13,"minecraft:crouch_one_cm":40925,"minecraft:fall_one_cm":43676,"minecraft:inspect_dispenser":1},"minecraft:mined":{"minecraft:spruce_planks":11,"minecraft:white_bed":9,"minecraft:brewing_stand":1,"minecraft:grass_block":3,"minecraft:redstone_wire":4,"minecraft:spruce_leaves":72,"minecraft:composter":5,"minecraft:oak_trapdoor":4,"minecraft:furnace":2,"minecraft:carrots":2,"minecraft:iron_ore":26,"minecraft:stripped_spruce_log":1,"minecraft:fletching_table":7,"minecraft:gold_block":2,"minecraft:bell":1,"minecraft:stone":134,"minecraft:oak_slab":5,"minecraft:brown_carpet":1,"minecraft:observer":1,"minecraft:crafting_table":6,"minecraft:torch":2,"minecraft:poppy":3,"minecraft:chest":1,"minecraft:tall_grass":5,"minecraft:cobblestone":1,"minecraft:grindstone":1,"minecraft:oak_planks":1,"minecraft:diorite":7,"minecraft:wheat":1,"minecraft:sweet_berry_bush":10,"minecraft:spruce_log":149,"minecraft:birch_leaves":1,"minecraft:yellow_bed":5,"minecraft:grass_path":5,"minecraft:grass":17,"minecraft:coal_ore":89,"minecraft:beetroots":1,"minecraft:gravel":47,"minecraft:sand":15,"minecraft:dirt":8,"minecraft:dispenser":1,"minecraft:stonecutter":1,"minecraft:piston":1},"minecraft:killed":{"minecraft:skeleton":4,"minecraft:chicken":1,"minecraft:pig":2,"minecraft:creeper":1,"minecraft:sheep":11,"minecraft:zombie":4,"minecraft:cow":6},"minecraft:picked_up":{"minecraft:crafting_table":6,"minecraft:gold_block":2,"minecraft:brewing_stand":1,"minecraft:shield":1,"minecraft:oak_trapdoor":4,"minecraft:spruce_planks":19,"minecraft:beef":11,"minecraft:observer":1,"minecraft:poppy":3,"minecraft:light_gray_wool":1,"minecraft:chest":1,"minecraft:piston":1,"minecraft:furnace":3,"minecraft:stick":1,"minecraft:composter":5,"minecraft:torch":3,"minecraft:porkchop":2,"minecraft:diorite":7,"minecraft:carrot":4,"minecraft:redstone":2,"minecraft:brown_carpet":1,"minecraft:arrow":6,"minecraft:rotten_flesh":10,"minecraft:beetroot_seeds":1,"minecraft:mutton":19,"minecraft:white_wool":7,"minecraft:cobblestone":147,"minecraft:brown_wool":1,"minecraft:leather":6,"minecraft:potato":3,"minecraft:flint":6,"minecraft:yellow_bed":5,"minecraft:dirt":5,"minecraft:bone":12,"minecraft:apple":6,"minecraft:stonecutter":1,"minecraft:wheat_seeds":1,"minecraft:bell":1,"minecraft:grindstone":1,"minecraft:iron_ore":30,"minecraft:fletching_table":7,"minecraft:oak_planks":1,"minecraft:stone_hoe":1,"minecraft:oak_slab":6,"minecraft:sweet_berries":13,"minecraft:gravel":41,"minecraft:sand":15,"minecraft:stripped_spruce_log":1,"minecraft:spruce_sapling":8,"minecraft:white_bed":9,"minecraft:spruce_log":147,"minecraft:dispenser":1,"minecraft:spruce_boat":6,"minecraft:gray_wool":1,"minecraft:bread":4,"minecraft:black_wool":1,"minecraft:coal":140},"minecraft:dropped":{"minecraft:stone_hoe":1,"minecraft:oak_slab":6,"minecraft:brown_wool":1,"minecraft:red_dye":3,"minecraft:furnace":1,"minecraft:oak_planks":1,"minecraft:shield":2}},"DataVersion":2586}