{"stats":{"minecraft:custom":{"minecraft:jump":62,"minecraft:time_since_rest":12570,"minecraft:crouch_one_cm":131,"minecraft:damage_dealt":116,"minecraft:play_one_minute":32071,"minecraft:damage_taken":605,"minecraft:leave_game":3,"minecraft:sprint_one_cm":3483,"minecraft:time_since_death":12566,"minecraft:walk_one_cm":15751,"minecraft:deaths":2,"minecraft:sneak_time":304,"minecraft:fall_one_cm":4202,"minecraft:fly_one_cm":85511},"minecraft:killed_by":{"minecraft:silverfish":1},"minecraft:mined":{"minecraft:tall_grass":1,"minecraft:grass":10},"minecraft:used":{"minecraft:stone_button":2,"minecraft:command_block":3}},"DataVersion":2586}