{"stats":{"minecraft:used":{"minecraft:golden_apple":12,"minecraft:villager_spawn_egg":4,"minecraft:grass_block":15,"minecraft:smithing_table":1,"minecraft:blast_furnace":1,"minecraft:splash_potion":42,"minecraft:smoker":2,"minecraft:fletching_table":1},"minecraft:dropped":{"minecraft:grindstone":1,"minecraft:barrel":1,"minecraft:smoker":1,"minecraft:fletching_table":1,"minecraft:loom":1,"minecraft:lodestone":1,"minecraft:smithing_table":3,"minecraft:grass_block":3,"minecraft:cartography_table":1,"minecraft:blast_furnace":1,"minecraft:emerald":128},"minecraft:picked_up":{"minecraft:smithing_table":3,"minecraft:cartography_table":1,"minecraft:smoker":1,"minecraft:grindstone":1,"minecraft:emerald":128,"minecraft:lodestone":1,"minecraft:fletching_table":1,"minecraft:blast_furnace":1,"minecraft:grass_block":2,"minecraft:loom":1,"minecraft:barrel":1},"minecraft:custom":{"minecraft:time_since_rest":13029,"minecraft:play_one_minute":13029,"minecraft:crouch_one_cm":1548,"minecraft:sprint_one_cm":6688,"minecraft:walk_one_cm":17080,"minecraft:sneak_time":620,"minecraft:walk_under_water_one_cm":21,"minecraft:drop":16,"minecraft:jump":129,"minecraft:damage_dealt":325,"minecraft:time_since_death":13029,"minecraft:walk_on_water_one_cm":150,"minecraft:fly_one_cm":92773,"minecraft:swim_one_cm":536,"minecraft:talked_to_villager":20,"minecraft:fall_one_cm":894},"minecraft:mined":{"minecraft:oak_leaves":1}},"DataVersion":2586}