{"stats":{"minecraft:dropped":{"minecraft:stone_hoe":1,"minecraft:bread":83,"minecraft:oak_slab":6,"minecraft:wheat_seeds":5,"minecraft:crafting_table":1,"minecraft:granite":5,"minecraft:diorite":9,"minecraft:brown_wool":1,"minecraft:red_dye":3,"minecraft:furnace":1,"minecraft:stone_axe":1,"minecraft:rotten_flesh":2,"minecraft:oak_planks":1,"minecraft:shield":2,"minecraft:diamond_pickaxe":1,"minecraft:andesite":9,"minecraft:stone_brick_stairs":2},"minecraft:crafted":{"minecraft:grindstone":1,"minecraft:smooth_stone":3,"minecraft:oak_planks":64,"minecraft:cobblestone_slab":42,"minecraft:stone_shovel":1,"minecraft:furnace":5,"minecraft:blast_furnace":1,"minecraft:stone":6,"minecraft:bone_meal":6,"minecraft:oak_trapdoor":8,"minecraft:bow":1,"minecraft:iron_boots":2,"minecraft:polished_diorite":16,"minecraft:iron_axe":2,"minecraft:stone_pickaxe":2,"minecraft:chest":8,"minecraft:spruce_boat":2,"minecraft:stone_hoe":1,"minecraft:cooked_beef":8,"minecraft:red_dye":3,"minecraft:emerald":40,"minecraft:arrow":48,"minecraft:crafting_table":6,"minecraft:spruce_planks":836,"minecraft:wooden_pickaxe":1,"minecraft:iron_helmet":1,"minecraft:iron_sword":1,"minecraft:fletching_table":3,"minecraft:bucket":1,"minecraft:stone_axe":1,"minecraft:bread":96,"minecraft:air":0,"minecraft:spruce_trapdoor":4,"minecraft:iron_chestplate":1,"minecraft:diamond_pickaxe":1,"minecraft:golden_apple":7,"minecraft:shield":2,"minecraft:stick":1348,"minecraft:stone_slab":6,"minecraft:iron_ingot":63,"minecraft:iron_pickaxe":4,"minecraft:iron_shovel":2,"minecraft:iron_leggings":1,"minecraft:gold_ingot":26,"minecraft:white_bed":2,"minecraft:torch":104,"minecraft:polished_andesite":16},"minecraft:broken":{"minecraft:iron_shovel":1,"minecraft:iron_axe":1,"minecraft:iron_pickaxe":3,"minecraft:stone_shovel":1},"minecraft:custom":{"minecraft:mob_kills":35,"minecraft:interact_with_crafting_table":58,"minecraft:leave_game":2,"minecraft:time_since_death":166599,"minecraft:climb_one_cm":4214,"minecraft:sprint_one_cm":314326,"minecraft:walk_one_cm":380878,"minecraft:damage_blocked_by_shield":525,"minecraft:drop":32,"minecraft:talked_to_villager":99,"minecraft:sneak_time":35386,"minecraft:walk_under_water_one_cm":2768,"minecraft:boat_one_cm":29641,"minecraft:jump":3007,"minecraft:interact_with_blast_furnace":2,"minecraft:walk_on_water_one_cm":27742,"minecraft:interact_with_furnace":40,"minecraft:traded_with_villager":64,"minecraft:play_one_minute":166599,"minecraft:sleep_in_bed":12,"minecraft:time_since_rest":11485,"minecraft:damage_taken":253,"minecraft:damage_dealt":4018,"minecraft:swim_one_cm":3190,"minecraft:fly_one_cm":544091,"minecraft:open_chest":77,"minecraft:crouch_one_cm":131820,"minecraft:fall_one_cm":71122,"minecraft:inspect_dispenser":1},"minecraft:used":{"minecraft:oak_trapdoor":8,"minecraft:iron_shovel":416,"minecraft:stone_shovel":132,"minecraft:chest":13,"minecraft:spruce_planks":65,"minecraft:shield":14,"minecraft:iron_sword":12,"minecraft:bell":1,"minecraft:stone_hoe":39,"minecraft:torch":134,"minecraft:brewing_stand":1,"minecraft:dirt":230,"minecraft:spruce_boat":7,"minecraft:iron_axe":321,"minecraft:stone_brick_stairs":2,"minecraft:bow":13,"minecraft:sweet_berries":10,"minecraft:furnace":10,"minecraft:cooked_beef":7,"minecraft:golden_axe":10,"minecraft:water_bucket":86,"minecraft:diorite":1,"minecraft:stone_pickaxe":82,"minecraft:wooden_pickaxe":3,"minecraft:composter":8,"minecraft:cobblestone_slab":64,"minecraft:stonecutter":1,"minecraft:fletching_table":20,"minecraft:golden_apple":5,"minecraft:crafting_table":12,"minecraft:blast_furnace":6,"minecraft:white_bed":18,"minecraft:diamond_pickaxe":528,"minecraft:iron_pickaxe":858,"minecraft:bread":3,"minecraft:spruce_trapdoor":4,"minecraft:spruce_sapling":12,"minecraft:stone_axe":93,"minecraft:cobblestone":47,"minecraft:grindstone":5,"minecraft:bucket":87,"minecraft:yellow_bed":9,"minecraft:bone_meal":5},"minecraft:picked_up":{"minecraft:crafting_table":7,"minecraft:wheat":9,"minecraft:gold_block":2,"minecraft:stone_brick_stairs":4,"minecraft:brewing_stand":2,"minecraft:shield":1,"minecraft:oak_trapdoor":5,"minecraft:beetroot":1,"minecraft:spruce_planks":43,"minecraft:beef":11,"minecraft:cobblestone_slab":35,"minecraft:observer":1,"minecraft:poppy":3,"minecraft:light_gray_wool":1,"minecraft:chest":8,"minecraft:piston":1,"minecraft:spruce_trapdoor":3,"minecraft:furnace":9,"minecraft:egg":1,"minecraft:stick":6,"minecraft:composter":10,"minecraft:oak_fence":8,"minecraft:torch":30,"minecraft:porkchop":2,"minecraft:diorite":26,"minecraft:carrot":26,"minecraft:redstone":11,"minecraft:brown_carpet":1,"minecraft:arrow":7,"minecraft:rotten_flesh":10,"minecraft:beetroot_seeds":3,"minecraft:saddle":1,"minecraft:gold_ingot":15,"minecraft:obsidian":14,"minecraft:mutton":19,"minecraft:white_wool":7,"minecraft:cobblestone":889,"minecraft:oxeye_daisy":1,"minecraft:andesite":104,"minecraft:brown_wool":1,"minecraft:leather":6,"minecraft:potato":25,"minecraft:flint":6,"minecraft:oak_log":58,"minecraft:yellow_bed":11,"minecraft:gunpowder":1,"minecraft:lapis_lazuli":32,"minecraft:dirt":460,"minecraft:bone":14,"minecraft:apple":11,"minecraft:stone_bricks":94,"minecraft:stonecutter":1,"minecraft:wheat_seeds":32,"minecraft:bell":1,"minecraft:grindstone":4,"minecraft:iron_ingot":22,"minecraft:iron_ore":83,"minecraft:fletching_table":18,"minecraft:stone_hoe":1,"minecraft:oak_planks":1,"minecraft:oak_slab":6,"minecraft:sweet_berries":13,"minecraft:dandelion":4,"minecraft:gravel":41,"minecraft:sand":25,"minecraft:stripped_spruce_log":1,"minecraft:spruce_sapling":20,"minecraft:blast_furnace":5,"minecraft:white_bed":22,"minecraft:spruce_log":210,"minecraft:gold_ore":16,"minecraft:mossy_cobblestone":10,"minecraft:dispenser":1,"minecraft:diamond":6,"minecraft:spruce_boat":7,"minecraft:granite":5,"minecraft:emerald":4,"minecraft:gray_wool":1,"minecraft:golden_horse_armor":1,"minecraft:bread":10,"minecraft:black_wool":1,"minecraft:coal":206,"minecraft:diamond_pickaxe":1},"minecraft:killed":{"minecraft:spider":1,"minecraft:skeleton":5,"minecraft:chicken":1,"minecraft:pig":2,"minecraft:creeper":2,"minecraft:sheep":11,"minecraft:zombie":5,"minecraft:cow":6},"minecraft:mined":{"minecraft:diamond_ore":6,"minecraft:spruce_planks":35,"minecraft:white_bed":22,"minecraft:farmland":24,"minecraft:mossy_cobblestone":10,"minecraft:brewing_stand":2,"minecraft:obsidian":14,"minecraft:spruce_trapdoor":3,"minecraft:granite":11,"minecraft:grass_block":167,"minecraft:redstone_wire":4,"minecraft:spruce_leaves":78,"minecraft:composter":10,"minecraft:oxeye_daisy":1,"minecraft:redstone_ore":2,"minecraft:oak_trapdoor":5,"minecraft:furnace":8,"minecraft:carrots":8,"minecraft:iron_ore":79,"minecraft:andesite":104,"minecraft:stripped_spruce_log":1,"minecraft:fletching_table":18,"minecraft:gold_block":2,"minecraft:bell":1,"minecraft:potatoes":6,"minecraft:cobblestone_slab":29,"minecraft:stone":820,"minecraft:oak_slab":5,"minecraft:brown_carpet":1,"minecraft:observer":1,"minecraft:oak_fence":8,"minecraft:crafting_table":7,"minecraft:torch":7,"minecraft:blast_furnace":5,"minecraft:poppy":3,"minecraft:chest":8,"minecraft:tall_grass":7,"minecraft:cobblestone":67,"minecraft:lapis_ore":5,"minecraft:grindstone":4,"minecraft:oak_planks":1,"minecraft:diorite":26,"minecraft:wall_torch":7,"minecraft:wheat":12,"minecraft:sweet_berry_bush":10,"minecraft:spruce_log":214,"minecraft:birch_leaves":1,"minecraft:stone_brick_stairs":4,"minecraft:yellow_bed":11,"minecraft:grass_path":63,"minecraft:grass":70,"minecraft:oak_log":58,"minecraft:coal_ore":149,"minecraft:beetroots":2,"minecraft:gravel":47,"minecraft:sand":25,"minecraft:dirt":225,"minecraft:stone_bricks":95,"minecraft:dispenser":1,"minecraft:stonecutter":1,"minecraft:gold_ore":16,"minecraft:piston":1}},"DataVersion":2586}