{"stats":{"minecraft:killed":{"minecraft:spider":1,"minecraft:skeleton":6,"minecraft:chicken":1,"minecraft:pig":2,"minecraft:creeper":2,"minecraft:sheep":11,"minecraft:zombie":5,"minecraft:cow":6},"minecraft:picked_up":{"minecraft:cocoa_beans":2,"minecraft:crafting_table":8,"minecraft:wheat":9,"minecraft:brown_mushroom":4,"minecraft:gold_block":2,"minecraft:stone_brick_stairs":4,"minecraft:brewing_stand":2,"minecraft:shield":1,"minecraft:oak_trapdoor":5,"minecraft:beetroot":1,"minecraft:spruce_planks":43,"minecraft:beef":11,"minecraft:cobblestone_slab":35,"minecraft:observer":1,"minecraft:poppy":4,"minecraft:light_gray_wool":1,"minecraft:sugar_cane":3,"minecraft:chest":8,"minecraft:piston":1,"minecraft:spruce_trapdoor":3,"minecraft:furnace":12,"minecraft:egg":2,"minecraft:stick":7,"minecraft:oak_fence":8,"minecraft:composter":10,"minecraft:torch":35,"minecraft:porkchop":2,"minecraft:diorite":26,"minecraft:carrot":26,"minecraft:redstone":11,"minecraft:brown_carpet":1,"minecraft:arrow":7,"minecraft:rotten_flesh":10,"minecraft:beetroot_seeds":3,"minecraft:saddle":1,"minecraft:gold_ingot":15,"minecraft:obsidian":14,"minecraft:mutton":19,"minecraft:white_wool":7,"minecraft:cobblestone":953,"minecraft:oxeye_daisy":1,"minecraft:jungle_log":2,"minecraft:andesite":141,"minecraft:brown_wool":1,"minecraft:leather":6,"minecraft:red_mushroom":14,"minecraft:potato":25,"minecraft:flint":6,"minecraft:oak_log":58,"minecraft:yellow_bed":13,"minecraft:gunpowder":1,"minecraft:lapis_lazuli":32,"minecraft:dirt":461,"minecraft:glass":15,"minecraft:bone":14,"minecraft:apple":11,"minecraft:stone_bricks":94,"minecraft:stonecutter":1,"minecraft:wheat_seeds":32,"minecraft:bell":2,"minecraft:iron_ingot":25,"minecraft:grindstone":4,"minecraft:iron_ore":87,"minecraft:fletching_table":18,"minecraft:bamboo":7,"minecraft:stone_hoe":1,"minecraft:oak_planks":1,"minecraft:oak_slab":6,"minecraft:sweet_berries":13,"minecraft:stone_brick_slab":3,"minecraft:quartz":4,"minecraft:dandelion":4,"minecraft:gravel":41,"minecraft:sand":25,"minecraft:stripped_spruce_log":1,"minecraft:spruce_sapling":20,"minecraft:blast_furnace":5,"minecraft:white_bed":23,"minecraft:spruce_log":291,"minecraft:gold_ore":16,"minecraft:mossy_cobblestone":10,"minecraft:dispenser":1,"minecraft:diamond":6,"minecraft:spruce_boat":7,"minecraft:granite":5,"minecraft:emerald":4,"minecraft:golden_horse_armor":1,"minecraft:gray_wool":1,"minecraft:bread":10,"minecraft:netherrack":3,"minecraft:black_wool":1,"minecraft:coal":221,"minecraft:diamond_pickaxe":1},"minecraft:custom":{"minecraft:mob_kills":36,"minecraft:interact_with_crafting_table":60,"minecraft:leave_game":3,"minecraft:time_since_death":194738,"minecraft:climb_one_cm":4997,"minecraft:sprint_one_cm":408382,"minecraft:walk_one_cm":439918,"minecraft:damage_blocked_by_shield":785,"minecraft:drop":34,"minecraft:talked_to_villager":99,"minecraft:sneak_time":40202,"minecraft:walk_under_water_one_cm":3849,"minecraft:boat_one_cm":29641,"minecraft:jump":3679,"minecraft:interact_with_blast_furnace":2,"minecraft:walk_on_water_one_cm":31615,"minecraft:interact_with_furnace":41,"minecraft:traded_with_villager":64,"minecraft:play_one_minute":194738,"minecraft:sleep_in_bed":17,"minecraft:time_since_rest":0,"minecraft:damage_taken":369,"minecraft:damage_absorbed":10,"minecraft:damage_dealt":4229,"minecraft:swim_one_cm":11995,"minecraft:fly_one_cm":699681,"minecraft:open_chest":108,"minecraft:crouch_one_cm":148906,"minecraft:fall_one_cm":88839,"minecraft:inspect_dispenser":1},"minecraft:dropped":{"minecraft:stone_hoe":1,"minecraft:bread":83,"minecraft:oak_slab":6,"minecraft:wheat_seeds":5,"minecraft:crafting_table":1,"minecraft:granite":5,"minecraft:diorite":9,"minecraft:brown_wool":1,"minecraft:red_dye":3,"minecraft:furnace":1,"minecraft:stone_axe":1,"minecraft:rotten_flesh":2,"minecraft:oak_planks":1,"minecraft:poppy":1,"minecraft:shield":2,"minecraft:diamond_pickaxe":1,"minecraft:andesite":9,"minecraft:stone_brick_stairs":2,"minecraft:netherrack":3},"minecraft:broken":{"minecraft:iron_shovel":1,"minecraft:iron_axe":2,"minecraft:iron_pickaxe":3,"minecraft:stone_shovel":1},"minecraft:used":{"minecraft:oak_trapdoor":8,"minecraft:iron_shovel":416,"minecraft:flint_and_steel":8,"minecraft:stone_shovel":132,"minecraft:chest":13,"minecraft:spruce_planks":65,"minecraft:shield":20,"minecraft:iron_sword":12,"minecraft:bell":1,"minecraft:stone_hoe":39,"minecraft:torch":142,"minecraft:brewing_stand":1,"minecraft:dirt":231,"minecraft:obsidian":10,"minecraft:spruce_boat":7,"minecraft:stone_brick_slab":111,"minecraft:iron_axe":498,"minecraft:stone_brick_stairs":2,"minecraft:bow":13,"minecraft:sweet_berries":10,"minecraft:furnace":12,"minecraft:egg":1,"minecraft:cooked_beef":8,"minecraft:golden_axe":10,"minecraft:water_bucket":92,"minecraft:diorite":1,"minecraft:stone_pickaxe":82,"minecraft:wooden_pickaxe":3,"minecraft:composter":8,"minecraft:cobblestone_slab":64,"minecraft:stonecutter":1,"minecraft:fletching_table":20,"minecraft:golden_apple":8,"minecraft:crafting_table":13,"minecraft:blast_furnace":6,"minecraft:white_bed":19,"minecraft:diamond_pickaxe":549,"minecraft:iron_pickaxe":955,"minecraft:bread":3,"minecraft:spruce_trapdoor":4,"minecraft:spruce_sapling":12,"minecraft:stone_axe":93,"minecraft:cobblestone":70,"minecraft:grindstone":5,"minecraft:bucket":93,"minecraft:yellow_bed":12,"minecraft:bone_meal":5},"minecraft:mined":{"minecraft:diamond_ore":6,"minecraft:spruce_planks":35,"minecraft:white_bed":23,"minecraft:farmland":24,"minecraft:mossy_cobblestone":10,"minecraft:brewing_stand":2,"minecraft:obsidian":14,"minecraft:spruce_trapdoor":3,"minecraft:granite":11,"minecraft:grass_block":168,"minecraft:jungle_log":2,"minecraft:redstone_wire":4,"minecraft:brown_mushroom_block":30,"minecraft:spruce_leaves":78,"minecraft:composter":10,"minecraft:oxeye_daisy":1,"minecraft:redstone_ore":2,"minecraft:oak_trapdoor":5,"minecraft:furnace":11,"minecraft:carrots":8,"minecraft:iron_ore":83,"minecraft:fire":7,"minecraft:andesite":141,"minecraft:stripped_spruce_log":1,"minecraft:fletching_table":18,"minecraft:gold_block":2,"minecraft:bell":1,"minecraft:potatoes":6,"minecraft:vine":1,"minecraft:cobblestone_slab":29,"minecraft:stone":878,"minecraft:oak_slab":5,"minecraft:brown_carpet":1,"minecraft:stone_brick_slab":2,"minecraft:observer":1,"minecraft:oak_fence":8,"minecraft:crafting_table":8,"minecraft:torch":9,"minecraft:blast_furnace":5,"minecraft:poppy":3,"minecraft:chest":8,"minecraft:mushroom_stem":12,"minecraft:nether_quartz_ore":4,"minecraft:tall_grass":8,"minecraft:cobblestone":74,"minecraft:sugar_cane":1,"minecraft:lapis_ore":5,"minecraft:grindstone":4,"minecraft:oak_planks":1,"minecraft:diorite":26,"minecraft:wall_torch":9,"minecraft:wheat":12,"minecraft:sweet_berry_bush":10,"minecraft:spruce_log":295,"minecraft:birch_leaves":1,"minecraft:yellow_bed":13,"minecraft:stone_brick_stairs":4,"minecraft:grass_path":63,"minecraft:grass":73,"minecraft:oak_log":58,"minecraft:coal_ore":149,"minecraft:cocoa":2,"minecraft:beetroots":2,"minecraft:gravel":47,"minecraft:sand":25,"minecraft:dirt":225,"minecraft:red_mushroom_block":45,"minecraft:dispenser":1,"minecraft:stonecutter":1,"minecraft:stone_bricks":95,"minecraft:netherrack":3,"minecraft:gold_ore":16,"minecraft:piston":1,"minecraft:oak_leaves":1},"minecraft:crafted":{"minecraft:grindstone":1,"minecraft:smooth_stone":3,"minecraft:oak_planks":64,"minecraft:cobblestone_slab":42,"minecraft:stone_shovel":1,"minecraft:furnace":5,"minecraft:blast_furnace":1,"minecraft:stone":6,"minecraft:bone_meal":6,"minecraft:oak_trapdoor":8,"minecraft:flint_and_steel":1,"minecraft:stone_brick_slab":186,"minecraft:bow":1,"minecraft:iron_boots":2,"minecraft:polished_diorite":16,"minecraft:iron_axe":2,"minecraft:stone_pickaxe":2,"minecraft:chest":8,"minecraft:spruce_boat":2,"minecraft:stone_hoe":1,"minecraft:cooked_beef":8,"minecraft:red_dye":3,"minecraft:emerald":40,"minecraft:arrow":48,"minecraft:crafting_table":7,"minecraft:spruce_planks":844,"minecraft:wooden_pickaxe":1,"minecraft:iron_helmet":1,"minecraft:iron_sword":1,"minecraft:fletching_table":3,"minecraft:bucket":1,"minecraft:stone_axe":1,"minecraft:bread":96,"minecraft:air":0,"minecraft:spruce_trapdoor":4,"minecraft:iron_chestplate":1,"minecraft:golden_apple":7,"minecraft:diamond_pickaxe":1,"minecraft:shield":2,"minecraft:stick":1348,"minecraft:stone_slab":6,"minecraft:iron_ingot":63,"minecraft:iron_pickaxe":4,"minecraft:iron_shovel":2,"minecraft:iron_leggings":1,"minecraft:gold_ingot":26,"minecraft:white_bed":2,"minecraft:torch":112,"minecraft:polished_andesite":16}},"DataVersion":2586}