{"stats":{"minecraft:killed":{"minecraft:evoker":1,"minecraft:cave_spider":1,"minecraft:zombified_piglin":20,"minecraft:vindicator":1,"minecraft:spider":31,"mowziesmobs:frostmaw":1,"minecraft:phantom":4,"minecraft:skeleton":33,"minecraft:cat":1,"minecraft:magma_cube":4,"minecraft:wolf":1,"minecraft:piglin":2,"majruszs_difficulty:creeperling":4,"dungeons_mobs:wraith":1,"minecraft:creeper":11,"dungeons_mobs:iceologer":4,"minecraft:zombie":21,"minecraft:ghast":1,"minecraft:wither_skeleton":11,"minecraft:enderman":1},"minecraft:dropped":{"minecraft:enchanted_book":10,"minecraft:golden_boots":1,"minecraft:vine":2,"minecraft:wheat_seeds":6,"minecraft:golden_helmet":1,"minecraft:ender_pearl":6,"minecraft:lime_concrete_powder":1,"minecraft:yellow_concrete":1,"minecraft:creeper_spawn_egg":1,"minecraft:diamond_leggings":2,"minecraft:spider_spawn_egg":1,"minecraft:command_block":7,"dungeons_mobs:necromancer_trident":6,"majruszs_difficulty:end_leggings":3,"minecraft:polished_blackstone_button":1,"minecraft:grass_block":4,"minecraft:coal":2,"mowziesmobs:wrought_axe":1,"minecraft:emerald":2,"minecraft:dirt":13,"minecraft:gray_concrete":4,"minecraft:grass":1,"minecraft:wither_skeleton_spawn_egg":1,"minecraft:wooden_axe":2,"minecraft:diamond_helmet":2,"dungeons_mobs:iceologer_helmet":3,"minecraft:iron_leggings":1,"minecraft:gold_nugget":10,"majruszs_difficulty:ender_dragon_treasure_bag":1,"minecraft:orange_bed":1,"minecraft:black_concrete":2,"majruszs_difficulty:end_chestplate":3,"minecraft:string":15,"minecraft:dandelion":1,"minecraft:bone":1,"minecraft:redstone":1,"minecraft:red_concrete":1,"minecraft:golden_chestplate":1,"minecraft:lime_concrete":2,"minecraft:netherite_sword":2,"minecraft:orange_concrete":2,"minecraft:experience_bottle":11,"minecraft:rotten_flesh":1,"minecraft:stripped_oak_log":2,"minecraft:ender_eye":1,"minecraft:cooked_mutton":2,"minecraft:white_shulker_box":1,"minecraft:light_gray_concrete":1,"minecraft:light_blue_concrete":2,"minecraft:magenta_concrete":1,"minecraft:skeleton_spawn_egg":2,"minecraft:totem_of_undying":19,"minecraft:cave_spider_spawn_egg":1,"minecraft:acacia_button":1,"minecraft:flint_and_steel":1,"minecraft:tipped_arrow":3,"minecraft:stone":1,"minecraft:shield":1,"minecraft:gunpowder":10,"dungeons_mobs:purple_trident":2,"minecraft:diamond_chestplate":2,"minecraft:end_portal_frame":2,"minecraft:spider_eye":7,"majruszs_difficulty:end_boots":3,"majruszs_difficulty:end_helmet":3,"dungeons_mobs:iceologer_boots":3,"minecraft:diamond_boots":1,"minecraft:spruce_log":2,"minecraft:arrow":27,"minecraft:bow":1,"minecraft:gray_shulker_box":1,"minecraft:cyan_concrete":1,"minecraft:magma_cream":1,"minecraft:chain_command_block":1,"minecraft:ghast_tear":2,"majruszs_difficulty:end_sword":4},"minecraft:mined":{"minecraft:grass_block":2,"minecraft:fire":2,"minecraft:andesite":27,"minecraft:anvil":1,"minecraft:stone":42,"minecraft:tall_grass":2,"minecraft:lilac":1,"minecraft:grass":10,"minecraft:coal_ore":15,"minecraft:oak_leaves":7},"minecraft:custom":{"minecraft:mob_kills":161,"minecraft:interact_with_anvil":4,"minecraft:open_shulker_box":11,"minecraft:damage_dealt_resisted":1297,"minecraft:leave_game":4,"minecraft:time_since_death":97668,"minecraft:climb_one_cm":1443,"minecraft:damage_resisted":1590,"minecraft:sprint_one_cm":126514,"minecraft:walk_one_cm":343324,"minecraft:damage_blocked_by_shield":2383,"minecraft:drop":186,"minecraft:damage_dealt_absorbed":80,"minecraft:talked_to_villager":1,"minecraft:sneak_time":15944,"minecraft:deaths":7,"minecraft:walk_under_water_one_cm":2663,"minecraft:jump":1889,"minecraft:walk_on_water_one_cm":3937,"minecraft:play_one_minute":407920,"minecraft:sleep_in_bed":1,"minecraft:time_since_rest":97888,"minecraft:damage_taken":8834,"minecraft:damage_absorbed":1286,"minecraft:damage_dealt":35722,"minecraft:swim_one_cm":1160,"minecraft:fly_one_cm":795012,"minecraft:open_chest":3,"minecraft:crouch_one_cm":49586,"minecraft:fall_one_cm":38448},"minecraft:crafted":{"minecraft:oak_planks":4,"minecraft:spruce_planks":4},"minecraft:picked_up":{"minecraft:wooden_axe":1,"minecraft:light_blue_concrete":2,"minecraft:anvil":1,"minecraft:enchanted_book":10,"minecraft:stone_brick_stairs":2,"minecraft:dragon_breath":7,"minecraft:shield":2,"dungeons_mobs:necromancer_trident":5,"minecraft:cornflower":3,"minecraft:string":37,"minecraft:orange_concrete":2,"minecraft:iron_leggings":1,"minecraft:smooth_stone_slab":2,"minecraft:experience_bottle":12,"minecraft:gold_nugget":10,"minecraft:diamond_leggings":3,"minecraft:smooth_stone":2,"minecraft:netherite_sword":2,"minecraft:golden_helmet":1,"minecraft:tipped_arrow":2,"minecraft:stick":1,"minecraft:oak_door":1,"minecraft:stone_button":1,"minecraft:golden_chestplate":1,"minecraft:redstone":1,"minecraft:gray_shulker_box":2,"minecraft:arrow":42,"majruszs_difficulty:end_helmet":3,"minecraft:diamond_chestplate":3,"minecraft:command_block":66,"minecraft:repeating_command_block":2,"minecraft:rotten_flesh":41,"dungeons_mobs:purple_trident":1,"minecraft:diamond_boots":2,"minecraft:iron_block":128,"minecraft:totem_of_undying":15,"minecraft:white_shulker_box":2,"minecraft:lime_concrete_powder":1,"minecraft:cobblestone":131,"minecraft:stripped_oak_log":2,"minecraft:cave_spider_spawn_egg":1,"minecraft:magma_cream":1,"minecraft:andesite":81,"minecraft:oak_log":4,"minecraft:golden_boots":1,"majruszs_difficulty:end_boots":3,"minecraft:gunpowder":12,"minecraft:gray_concrete":12,"minecraft:dirt":112,"minecraft:bone":48,"minecraft:glass":128,"minecraft:stone_bricks":2,"minecraft:bow":1,"minecraft:wheat_seeds":16,"minecraft:diamond_helmet":1,"minecraft:cyan_concrete":1,"minecraft:ghast_tear":2,"minecraft:chain_command_block":5,"minecraft:yellow_concrete":1,"minecraft:lime_concrete":2,"majruszs_difficulty:end_chestplate":3,"majruszs_difficulty:end_leggings":3,"minecraft:spruce_log":2,"minecraft:grass_block":2,"minecraft:spider_eye":15,"minecraft:sea_lantern":2,"majruszs_difficulty:end_sword":4,"minecraft:skeleton_spawn_egg":1,"minecraft:light_gray_concrete":3,"minecraft:polished_andesite":2,"minecraft:black_concrete":4,"minecraft:polished_blackstone_button":3,"minecraft:granite":1,"dungeons_mobs:iceologer_helmet":3,"dungeons_mobs:iceologer_boots":3,"minecraft:emerald":2,"minecraft:red_concrete":1,"minecraft:magenta_concrete":1,"minecraft:coal":19,"minecraft:ender_pearl":9},"minecraft:used":{"minecraft:netherite_sword":345,"minecraft:orange_concrete":2,"minecraft:red_concrete":2,"dungeons_mobs:iceologer_spawn_egg":6,"minecraft:oak_sign":4,"minecraft:chest":15,"minecraft:shield":21,"minecraft:ender_chest":1,"minecraft:stone":16,"minecraft:wither_skeleton_spawn_egg":7,"minecraft:white_shulker_box":4,"dungeons_mobs:wildfire_spawn_egg":1,"minecraft:oak_door":3,"minecraft:orange_bed":1,"minecraft:dirt":5,"minecraft:anvil":4,"minecraft:skeleton_spawn_egg":134,"mowziesmobs:frostmaw_spawn_egg":1,"minecraft:granite":1,"minecraft:blue_concrete":4,"minecraft:stripped_spruce_log":67,"minecraft:obsidian":2,"majruszs_difficulty:ender_dragon_treasure_bag":1,"minecraft:glass":11,"minecraft:wooden_axe":1,"minecraft:sea_lantern":55,"minecraft:iron_block":34,"minecraft:grass_block":273,"minecraft:piglin_brute_spawn_egg":1,"minecraft:totem_of_undying":25,"minecraft:stone_brick_stairs":13,"minecraft:stone_bricks":587,"minecraft:magma_cube_spawn_egg":7,"minecraft:purple_concrete":2,"minecraft:glowstone":12,"minecraft:lime_concrete":3,"minecraft:netherite_pickaxe":85,"minecraft:zombified_piglin_spawn_egg":6,"minecraft:observer":3,"dungeons_mobs:purple_trident":3,"minecraft:spider_spawn_egg":6,"minecraft:cooked_mutton":24,"minecraft:end_rod":4,"minecraft:polished_andesite":3,"minecraft:dark_oak_sign":1,"minecraft:lime_wool":2,"minecraft:oak_planks":45,"minecraft:ender_pearl":1,"minecraft:lime_concrete_powder":2,"majruszs_difficulty:creeperling_spawn_egg":3,"minecraft:vindicator_spawn_egg":1,"minecraft:golden_apple":7,"minecraft:pink_concrete":4,"minecraft:vine":31,"minecraft:light_blue_concrete":2,"minecraft:phantom_spawn_egg":9,"minecraft:birch_sign":1,"minecraft:yellow_concrete":2,"minecraft:spider_eye":1,"minecraft:cave_spider_spawn_egg":1,"minecraft:white_bed":21,"mowziesmobs:wrought_axe":25,"dungeons_mobs:wavewhisperer_spawn_egg":4,"minecraft:creeper_spawn_egg":60,"minecraft:oak_log":74,"minecraft:sticky_piston":6,"minecraft:ender_eye":13,"minecraft:ghast_spawn_egg":4,"minecraft:gray_shulker_box":1,"minecraft:command_block":26,"minecraft:stone_button":5,"minecraft:cat_spawn_egg":10,"majruszs_difficulty:end_sword":115,"minecraft:evoker_spawn_egg":2,"minecraft:cobblestone":1,"minecraft:chain_command_block":26,"minecraft:piglin_spawn_egg":3,"minecraft:smooth_stone_slab":32,"minecraft:repeating_command_block":33,"minecraft:end_portal_frame":12,"minecraft:polished_blackstone_button":15,"minecraft:smooth_stone":137},"minecraft:killed_by":{"minecraft:ghast":1,"minecraft:wither_skeleton":1,"minecraft:skeleton":1}},"DataVersion":2586}