{"stats":{"minecraft:broken":{"minecraft:iron_pickaxe":3},"minecraft:used":{"minecraft:stone_shovel":78,"minecraft:chest":2,"minecraft:spruce_planks":32,"minecraft:shield":13,"minecraft:iron_sword":2,"minecraft:bell":1,"minecraft:stone_hoe":39,"minecraft:torch":84,"minecraft:brewing_stand":1,"minecraft:dirt":5,"minecraft:spruce_boat":6,"minecraft:iron_axe":128,"minecraft:bow":12,"minecraft:sweet_berries":10,"minecraft:furnace":7,"minecraft:cooked_beef":4,"minecraft:golden_axe":10,"minecraft:water_bucket":7,"minecraft:stone_pickaxe":82,"minecraft:wooden_pickaxe":3,"minecraft:composter":2,"minecraft:fletching_table":10,"minecraft:golden_apple":4,"minecraft:crafting_table":9,"minecraft:white_bed":16,"minecraft:diamond_pickaxe":37,"minecraft:iron_pickaxe":750,"minecraft:bread":3,"minecraft:spruce_sapling":8,"minecraft:stone_axe":93,"minecraft:cobblestone":11,"minecraft:grindstone":2,"minecraft:bucket":8,"minecraft:yellow_bed":5,"minecraft:bone_meal":5},"minecraft:crafted":{"minecraft:grindstone":1,"minecraft:smooth_stone":3,"minecraft:stone_shovel":1,"minecraft:furnace":5,"minecraft:stone":6,"minecraft:bone_meal":6,"minecraft:bow":1,"minecraft:polished_diorite":16,"minecraft:iron_axe":1,"minecraft:stone_pickaxe":2,"minecraft:chest":2,"minecraft:spruce_boat":1,"minecraft:stone_hoe":1,"minecraft:cooked_beef":8,"minecraft:red_dye":3,"minecraft:arrow":48,"minecraft:emerald":21,"minecraft:crafting_table":3,"minecraft:spruce_planks":512,"minecraft:wooden_pickaxe":1,"minecraft:iron_helmet":1,"minecraft:iron_sword":1,"minecraft:fletching_table":3,"minecraft:bucket":1,"minecraft:stone_axe":1,"minecraft:bread":12,"minecraft:air":0,"minecraft:diamond_pickaxe":1,"minecraft:iron_chestplate":1,"minecraft:golden_apple":4,"minecraft:shield":2,"minecraft:stick":728,"minecraft:stone_slab":6,"minecraft:iron_ingot":63,"minecraft:iron_pickaxe":3,"minecraft:iron_leggings":1,"minecraft:gold_ingot":26,"minecraft:white_bed":2,"minecraft:torch":88,"minecraft:polished_andesite":16},"minecraft:custom":{"minecraft:mob_kills":31,"minecraft:interact_with_crafting_table":35,"minecraft:leave_game":2,"minecraft:time_since_death":92594,"minecraft:climb_one_cm":535,"minecraft:sprint_one_cm":214821,"minecraft:walk_one_cm":168317,"minecraft:damage_blocked_by_shield":485,"minecraft:drop":21,"minecraft:talked_to_villager":46,"minecraft:sneak_time":20330,"minecraft:walk_under_water_one_cm":640,"minecraft:jump":1863,"minecraft:walk_on_water_one_cm":7237,"minecraft:interact_with_furnace":34,"minecraft:traded_with_villager":29,"minecraft:play_one_minute":92594,"minecraft:sleep_in_bed":7,"minecraft:time_since_rest":1284,"minecraft:damage_taken":211,"minecraft:damage_dealt":3338,"minecraft:swim_one_cm":3190,"minecraft:fly_one_cm":383068,"minecraft:open_chest":17,"minecraft:crouch_one_cm":65896,"minecraft:fall_one_cm":45145,"minecraft:inspect_dispenser":1},"minecraft:mined":{"minecraft:diamond_ore":6,"minecraft:spruce_planks":11,"minecraft:white_bed":14,"minecraft:brewing_stand":1,"minecraft:obsidian":14,"minecraft:granite":11,"minecraft:grass_block":3,"minecraft:redstone_wire":4,"minecraft:spruce_leaves":72,"minecraft:composter":5,"minecraft:redstone_ore":2,"minecraft:oak_trapdoor":4,"minecraft:furnace":5,"minecraft:carrots":2,"minecraft:iron_ore":67,"minecraft:andesite":25,"minecraft:stripped_spruce_log":1,"minecraft:fletching_table":7,"minecraft:gold_block":2,"minecraft:bell":1,"minecraft:stone":535,"minecraft:oak_slab":5,"minecraft:brown_carpet":1,"minecraft:observer":1,"minecraft:crafting_table":7,"minecraft:torch":2,"minecraft:poppy":3,"minecraft:chest":1,"minecraft:tall_grass":5,"minecraft:cobblestone":1,"minecraft:lapis_ore":5,"minecraft:grindstone":1,"minecraft:oak_planks":1,"minecraft:diorite":25,"minecraft:wheat":1,"minecraft:sweet_berry_bush":10,"minecraft:spruce_log":149,"minecraft:birch_leaves":1,"minecraft:yellow_bed":5,"minecraft:grass_path":5,"minecraft:grass":17,"minecraft:coal_ore":149,"minecraft:beetroots":1,"minecraft:gravel":47,"minecraft:sand":15,"minecraft:dirt":8,"minecraft:dispenser":1,"minecraft:stonecutter":1,"minecraft:gold_ore":16,"minecraft:piston":1},"minecraft:killed":{"minecraft:skeleton":4,"minecraft:chicken":1,"minecraft:pig":2,"minecraft:creeper":1,"minecraft:sheep":11,"minecraft:zombie":4,"minecraft:cow":6},"minecraft:picked_up":{"minecraft:crafting_table":7,"minecraft:gold_block":2,"minecraft:brewing_stand":1,"minecraft:shield":1,"minecraft:oak_trapdoor":4,"minecraft:spruce_planks":19,"minecraft:beef":11,"minecraft:observer":1,"minecraft:poppy":3,"minecraft:light_gray_wool":1,"minecraft:chest":1,"minecraft:piston":1,"minecraft:furnace":6,"minecraft:stick":3,"minecraft:composter":5,"minecraft:torch":4,"minecraft:porkchop":2,"minecraft:diorite":25,"minecraft:carrot":4,"minecraft:redstone":11,"minecraft:brown_carpet":1,"minecraft:arrow":6,"minecraft:rotten_flesh":10,"minecraft:beetroot_seeds":1,"minecraft:gold_ingot":8,"minecraft:obsidian":14,"minecraft:mutton":19,"minecraft:white_wool":7,"minecraft:cobblestone":538,"minecraft:andesite":25,"minecraft:brown_wool":1,"minecraft:leather":6,"minecraft:potato":3,"minecraft:flint":6,"minecraft:yellow_bed":5,"minecraft:lapis_lazuli":23,"minecraft:dirt":5,"minecraft:bone":12,"minecraft:apple":6,"minecraft:stonecutter":1,"minecraft:wheat_seeds":1,"minecraft:bell":1,"minecraft:iron_ingot":8,"minecraft:grindstone":1,"minecraft:iron_ore":71,"minecraft:fletching_table":7,"minecraft:oak_planks":1,"minecraft:stone_hoe":1,"minecraft:oak_slab":6,"minecraft:sweet_berries":13,"minecraft:gravel":41,"minecraft:sand":15,"minecraft:stripped_spruce_log":1,"minecraft:spruce_sapling":8,"minecraft:white_bed":14,"minecraft:spruce_log":147,"minecraft:gold_ore":16,"minecraft:dispenser":1,"minecraft:diamond":6,"minecraft:spruce_boat":6,"minecraft:granite":5,"minecraft:gray_wool":1,"minecraft:bread":4,"minecraft:black_wool":1,"minecraft:coal":206},"minecraft:dropped":{"minecraft:stone_hoe":1,"minecraft:oak_slab":6,"minecraft:crafting_table":1,"minecraft:granite":5,"minecraft:diorite":9,"minecraft:brown_wool":1,"minecraft:red_dye":3,"minecraft:furnace":1,"minecraft:stone_axe":1,"minecraft:rotten_flesh":2,"minecraft:oak_planks":1,"minecraft:shield":2,"minecraft:andesite":9}},"DataVersion":2586}