{"stats":{"minecraft:picked_up":{"minecraft:wooden_axe":1,"minecraft:stripped_oak_log":2,"minecraft:light_blue_concrete":2,"minecraft:anvil":1,"minecraft:andesite":27,"minecraft:gunpowder":10,"minecraft:gray_concrete":4,"dungeons_mobs:necromancer_trident":5,"minecraft:cornflower":1,"minecraft:string":19,"minecraft:dirt":13,"minecraft:orange_concrete":2,"minecraft:bone":1,"minecraft:wheat_seeds":8,"minecraft:cyan_concrete":1,"minecraft:chain_command_block":1,"minecraft:oak_door":1,"minecraft:yellow_concrete":1,"minecraft:lime_concrete":2,"minecraft:stone_button":1,"minecraft:grass_block":2,"minecraft:spruce_log":2,"minecraft:redstone":1,"minecraft:spider_eye":7,"minecraft:gray_shulker_box":1,"minecraft:light_gray_concrete":1,"minecraft:command_block":1,"minecraft:black_concrete":1,"dungeons_mobs:purple_trident":1,"minecraft:totem_of_undying":3,"minecraft:magenta_concrete":1,"minecraft:red_concrete":1,"minecraft:coal":15,"minecraft:lime_concrete_powder":1,"minecraft:cobblestone":42},"minecraft:used":{"minecraft:netherite_sword":102,"minecraft:end_rod":4,"minecraft:orange_concrete":2,"minecraft:red_concrete":2,"minecraft:dark_oak_sign":1,"minecraft:polished_andesite":3,"minecraft:lime_wool":2,"minecraft:oak_planks":45,"minecraft:oak_sign":4,"minecraft:lime_concrete_powder":2,"minecraft:chest":15,"minecraft:stone":16,"minecraft:ender_chest":1,"majruszs_difficulty:creeperling_spawn_egg":3,"minecraft:white_shulker_box":3,"minecraft:orange_bed":1,"dungeons_mobs:wildfire_spawn_egg":1,"minecraft:oak_door":3,"minecraft:pink_concrete":4,"minecraft:dirt":4,"minecraft:anvil":2,"minecraft:vine":12,"minecraft:light_blue_concrete":2,"mowziesmobs:frostmaw_spawn_egg":1,"minecraft:birch_sign":1,"minecraft:yellow_concrete":2,"minecraft:blue_concrete":4,"minecraft:stripped_spruce_log":67,"mowziesmobs:wrought_axe":25,"minecraft:creeper_spawn_egg":18,"minecraft:oak_log":74,"minecraft:sticky_piston":6,"minecraft:glass":11,"minecraft:wooden_axe":1,"minecraft:sea_lantern":55,"minecraft:gray_shulker_box":1,"minecraft:command_block":26,"minecraft:iron_block":34,"minecraft:grass_block":273,"minecraft:stone_button":5,"minecraft:totem_of_undying":2,"minecraft:stone_brick_stairs":13,"minecraft:stone_bricks":587,"minecraft:purple_concrete":2,"minecraft:glowstone":12,"minecraft:cobblestone":1,"minecraft:lime_concrete":3,"minecraft:chain_command_block":26,"minecraft:netherite_pickaxe":85,"minecraft:repeating_command_block":33,"minecraft:smooth_stone_slab":32,"minecraft:polished_blackstone_button":15,"minecraft:observer":3,"dungeons_mobs:purple_trident":3,"minecraft:smooth_stone":137},"minecraft:custom":{"minecraft:mob_kills":42,"minecraft:interact_with_anvil":1,"minecraft:play_one_minute":230203,"minecraft:open_shulker_box":6,"minecraft:damage_dealt_resisted":1204,"minecraft:leave_game":3,"minecraft:time_since_death":157568,"minecraft:sleep_in_bed":1,"minecraft:climb_one_cm":484,"minecraft:damage_absorbed":55,"minecraft:time_since_rest":20644,"minecraft:sprint_one_cm":17876,"minecraft:damage_taken":1245,"minecraft:walk_one_cm":243831,"minecraft:drop":69,"minecraft:damage_dealt":9488,"minecraft:fly_one_cm":306622,"minecraft:open_chest":3,"minecraft:crouch_one_cm":44032,"minecraft:deaths":4,"minecraft:sneak_time":12663,"minecraft:walk_under_water_one_cm":1787,"minecraft:jump":594,"minecraft:walk_on_water_one_cm":3464,"minecraft:fall_one_cm":3183},"minecraft:mined":{"minecraft:grass_block":1,"minecraft:andesite":27,"minecraft:anvil":1,"minecraft:coal_ore":15,"minecraft:stone":42},"minecraft:killed":{"majruszs_difficulty:creeperling":3,"minecraft:spider":21,"dungeons_mobs:wraith":1,"mowziesmobs:frostmaw":1,"minecraft:creeper":11,"minecraft:skeleton":3,"minecraft:zombie":1,"minecraft:wither_skeleton":1},"minecraft:dropped":{"minecraft:red_concrete":1,"minecraft:vine":1,"minecraft:wheat_seeds":4,"minecraft:lime_concrete":2,"minecraft:lime_concrete_powder":1,"minecraft:yellow_concrete":1,"minecraft:netherite_sword":2,"minecraft:creeper_spawn_egg":1,"minecraft:orange_concrete":2,"minecraft:stripped_oak_log":2,"dungeons_mobs:necromancer_trident":6,"minecraft:command_block":6,"minecraft:light_gray_concrete":1,"minecraft:magenta_concrete":1,"minecraft:light_blue_concrete":2,"minecraft:totem_of_undying":3,"minecraft:grass_block":3,"mowziesmobs:wrought_axe":1,"minecraft:acacia_button":1,"minecraft:dirt":1,"minecraft:gray_concrete":4,"minecraft:grass":1,"minecraft:stone":1,"minecraft:gunpowder":10,"dungeons_mobs:purple_trident":2,"minecraft:wooden_axe":2,"minecraft:spruce_log":2,"minecraft:gray_shulker_box":1,"minecraft:cyan_concrete":1,"minecraft:orange_bed":1,"minecraft:black_concrete":1,"minecraft:chain_command_block":1,"minecraft:string":1,"minecraft:bone":1,"minecraft:dandelion":1,"minecraft:redstone":1},"minecraft:crafted":{"minecraft:oak_planks":4,"minecraft:spruce_planks":4}},"DataVersion":2586}