{"stats":{"minecraft:killed_by":{"minecraft:creeper":1},"minecraft:mined":{"minecraft:grass":2,"minecraft:grass_block":1,"minecraft:player_head":2},"minecraft:killed":{"minecraft:sheep":2,"minecraft:skeleton":2,"dungeons_mobs:redstone_golem":1,"dungeons_mobs:wildfire":1,"minecraft:zombie":3,"minecraft:creeper":1},"minecraft:custom":{"minecraft:time_since_rest":7993,"minecraft:damage_absorbed":390,"minecraft:sprint_one_cm":24005,"minecraft:damage_taken":858,"minecraft:walk_one_cm":28352,"minecraft:mob_kills":10,"minecraft:drop":21,"minecraft:damage_dealt":4283,"minecraft:swim_one_cm":6682,"minecraft:fly_one_cm":67412,"minecraft:play_one_minute":21667,"minecraft:crouch_one_cm":851,"minecraft:deaths":2,"minecraft:sneak_time":787,"minecraft:walk_under_water_one_cm":9138,"minecraft:jump":312,"minecraft:leave_game":1,"minecraft:walk_on_water_one_cm":6424,"minecraft:time_since_death":7299,"minecraft:damage_resisted":120,"minecraft:fall_one_cm":3557},"minecraft:used":{"minecraft:oak_log":9,"minecraft:netherite_sword":40,"minecraft:player_head":2,"minecraft:rotten_flesh":1,"minecraft:oak_leaves":1,"dungeons_mobs:wildfire_spawn_egg":1,"minecraft:dirt":1,"dungeons_mobs:redstone_golem_spawn_egg":1,"minecraft:enchanted_golden_apple":5},"minecraft:picked_up":{"minecraft:feather":2,"minecraft:chicken":2,"majruszs_difficulty:end_chestplate":1,"majruszs_difficulty:end_leggings":1,"majruszs_difficulty:end_boots":1,"minecraft:dirt":1,"minecraft:bone":3,"minecraft:arrow":2,"majruszs_difficulty:end_helmet":1,"minecraft:rotten_flesh":3,"minecraft:player_head":2,"minecraft:mutton":3,"minecraft:white_wool":3,"minecraft:egg":1},"minecraft:dropped":{"minecraft:oak_log":1,"minecraft:mutton":3,"majruszs_difficulty:end_boots":1,"majruszs_difficulty:end_helmet":1,"minecraft:chicken":2,"minecraft:feather":2,"dungeons_mobs:yellow_trident":1,"minecraft:arrow":1,"minecraft:bow":1,"majruszs_difficulty:end_chestplate":1,"majruszs_difficulty:end_leggings":1,"minecraft:oak_leaves":1,"minecraft:white_wool":3,"minecraft:bone":3}},"DataVersion":2586}