{"stats":{"minecraft:killed":{"minecraft:villager":23},"minecraft:dropped":{"minecraft:bread":2427,"minecraft:stone_axe":1,"minecraft:loom":1,"minecraft:lodestone":1,"minecraft:smithing_table":3,"minecraft:cooked_cod":64,"minecraft:grindstone":1,"minecraft:barrel":1,"minecraft:smoker":1,"minecraft:fletching_table":1,"minecraft:rail":1,"minecraft:grass_block":3,"minecraft:cartography_table":1,"minecraft:blast_furnace":1,"minecraft:emerald":164},"minecraft:used":{"minecraft:oak_log":5,"minecraft:netherite_sword":68,"minecraft:villager_spawn_egg":28,"minecraft:grass_block":22,"minecraft:fletching_table":1,"minecraft:golden_apple":12,"minecraft:rail":6,"minecraft:smithing_table":1,"minecraft:blast_furnace":2,"minecraft:minecart":2,"minecraft:smoker":2,"minecraft:splash_potion":184},"minecraft:picked_up":{"minecraft:smithing_table":3,"minecraft:torch":1,"minecraft:smoker":1,"minecraft:blast_furnace":1,"minecraft:grass_block":2,"minecraft:loom":1,"minecraft:barrel":1,"minecraft:cooked_cod":64,"minecraft:cartography_table":1,"minecraft:bread":744,"minecraft:grindstone":1,"minecraft:emerald":162,"minecraft:fletching_table":1,"minecraft:lodestone":1,"minecraft:rail":1},"minecraft:custom":{"minecraft:time_since_rest":9995,"minecraft:sprint_one_cm":24837,"minecraft:walk_one_cm":46366,"minecraft:mob_kills":23,"minecraft:drop":274,"minecraft:damage_dealt":7089,"minecraft:traded_with_villager":1,"minecraft:talked_to_villager":57,"minecraft:swim_one_cm":536,"minecraft:fly_one_cm":160307,"minecraft:crouch_one_cm":2659,"minecraft:play_one_minute":28631,"minecraft:sneak_time":1049,"minecraft:walk_under_water_one_cm":21,"minecraft:leave_game":1,"minecraft:jump":481,"minecraft:interact_with_blast_furnace":1,"minecraft:sleep_in_bed":1,"minecraft:walk_on_water_one_cm":150,"minecraft:time_since_death":28631,"minecraft:fall_one_cm":894},"minecraft:crafted":{"minecraft:stone_axe":1},"minecraft:mined":{"minecraft:oak_leaves":1}},"DataVersion":2586}