{"stats":{"minecraft:killed_by":{"minecraft:creeper":1},"minecraft:mined":{"minecraft:grass":2,"minecraft:grass_block":1,"minecraft:sand":5,"minecraft:player_head":3},"minecraft:killed":{"minecraft:sheep":2,"minecraft:skeleton":2,"dungeons_mobs:redstone_golem":1,"dungeons_mobs:wildfire":1,"minecraft:zombie":3,"minecraft:creeper":1},"minecraft:custom":{"minecraft:time_since_rest":18979,"minecraft:damage_taken":1239,"minecraft:sprint_one_cm":37445,"minecraft:damage_absorbed":988,"minecraft:walk_one_cm":38669,"minecraft:mob_kills":11,"minecraft:drop":73,"minecraft:damage_dealt":4718,"minecraft:swim_one_cm":7354,"minecraft:fly_one_cm":118145,"minecraft:play_one_minute":32653,"minecraft:crouch_one_cm":6615,"minecraft:deaths":2,"minecraft:sneak_time":2227,"minecraft:walk_under_water_one_cm":11134,"minecraft:jump":530,"minecraft:leave_game":3,"minecraft:time_since_death":18285,"minecraft:walk_on_water_one_cm":10949,"minecraft:damage_resisted":374,"minecraft:fall_one_cm":5136},"minecraft:used":{"minecraft:creeper_spawn_egg":1,"minecraft:oak_log":14,"minecraft:netherite_sword":40,"minecraft:player_head":3,"minecraft:oak_leaves":1,"minecraft:rotten_flesh":1,"dungeons_mobs:wildfire_spawn_egg":1,"minecraft:dirt":123,"minecraft:sand":1,"minecraft:tnt":1,"dungeons_mobs:redstone_golem_spawn_egg":1,"minecraft:enchanted_golden_apple":11},"minecraft:picked_up":{"dungeons_mobs:royal_guard_helmet":1,"minecraft:feather":2,"minecraft:chicken":2,"dungeons_mobs:royal_guard_leggings":1,"minecraft:sand":5,"minecraft:oak_log":2,"majruszs_difficulty:end_chestplate":1,"majruszs_difficulty:end_leggings":1,"majruszs_difficulty:end_boots":1,"dungeons_mobs:royal_guard_boots":1,"dungeons_mobs:royal_guard_chestplate":1,"minecraft:dirt":13,"minecraft:bone":3,"minecraft:arrow":3,"majruszs_difficulty:end_helmet":1,"minecraft:rotten_flesh":3,"minecraft:player_head":3,"minecraft:oak_sapling":2,"minecraft:mutton":3,"minecraft:white_wool":3,"minecraft:cobblestone":1,"minecraft:egg":1},"minecraft:dropped":{"dungeons_mobs:royal_guard_helmet":1,"minecraft:dirt":13,"minecraft:oak_log":6,"minecraft:tnt":1,"minecraft:mutton":3,"minecraft:enchanted_golden_apple":29,"minecraft:creeper_spawn_egg":1,"minecraft:cobblestone":1,"minecraft:oak_sapling":2,"dungeons_mobs:royal_guard_leggings":2,"minecraft:rotten_flesh":2,"minecraft:chicken":2,"minecraft:feather":2,"majruszs_difficulty:end_boots":1,"majruszs_difficulty:end_helmet":1,"dungeons_mobs:royal_guard_boots":1,"minecraft:sand":4,"dungeons_mobs:yellow_trident":1,"minecraft:arrow":3,"minecraft:bow":2,"dungeons_mobs:royal_guard_chestplate":1,"majruszs_difficulty:end_chestplate":2,"dungeons_mobs:drowned_necromancer_chestplate":1,"majruszs_difficulty:end_leggings":1,"minecraft:oak_leaves":1,"minecraft:white_wool":3,"minecraft:flint_and_steel":1,"minecraft:bone":3}},"DataVersion":2586}