{"stats":{"minecraft:killed":{"minecraft:spider":23,"mowziesmobs:frostmaw":1,"minecraft:skeleton":13,"minecraft:cat":1,"minecraft:magma_cube":1,"minecraft:wolf":1,"majruszs_difficulty:creeperling":3,"dungeons_mobs:wraith":1,"minecraft:creeper":11,"minecraft:zombie":11,"minecraft:ghast":1,"minecraft:wither_skeleton":5},"minecraft:dropped":{"minecraft:enchanted_book":5,"minecraft:vine":1,"minecraft:wheat_seeds":6,"minecraft:lime_concrete_powder":1,"minecraft:yellow_concrete":1,"minecraft:creeper_spawn_egg":1,"minecraft:diamond_leggings":1,"minecraft:command_block":7,"dungeons_mobs:necromancer_trident":6,"majruszs_difficulty:end_leggings":2,"minecraft:polished_blackstone_button":1,"minecraft:grass_block":4,"minecraft:coal":1,"mowziesmobs:wrought_axe":1,"minecraft:dirt":13,"minecraft:gray_concrete":4,"minecraft:grass":1,"minecraft:wither_skeleton_spawn_egg":1,"minecraft:wooden_axe":2,"minecraft:diamond_helmet":2,"majruszs_difficulty:ender_dragon_treasure_bag":1,"minecraft:orange_bed":1,"minecraft:black_concrete":2,"majruszs_difficulty:end_chestplate":2,"minecraft:string":5,"minecraft:dandelion":1,"minecraft:bone":1,"minecraft:redstone":1,"minecraft:red_concrete":1,"minecraft:lime_concrete":2,"minecraft:netherite_sword":2,"minecraft:orange_concrete":2,"minecraft:experience_bottle":11,"minecraft:rotten_flesh":1,"minecraft:stripped_oak_log":2,"minecraft:ender_eye":1,"minecraft:white_shulker_box":1,"minecraft:light_gray_concrete":1,"minecraft:light_blue_concrete":2,"minecraft:magenta_concrete":1,"minecraft:skeleton_spawn_egg":2,"minecraft:totem_of_undying":19,"minecraft:acacia_button":1,"minecraft:tipped_arrow":3,"minecraft:stone":1,"minecraft:gunpowder":10,"dungeons_mobs:purple_trident":2,"minecraft:diamond_chestplate":1,"minecraft:end_portal_frame":1,"majruszs_difficulty:end_boots":2,"majruszs_difficulty:end_helmet":2,"minecraft:diamond_boots":1,"minecraft:spruce_log":2,"minecraft:gray_shulker_box":1,"minecraft:cyan_concrete":1,"minecraft:magma_cream":1,"minecraft:chain_command_block":1,"minecraft:ghast_tear":2,"majruszs_difficulty:end_sword":3},"minecraft:mined":{"minecraft:grass_block":1,"minecraft:fire":2,"minecraft:andesite":27,"minecraft:anvil":1,"minecraft:stone":42,"minecraft:tall_grass":1,"minecraft:lilac":1,"minecraft:grass":5,"minecraft:coal_ore":15},"minecraft:custom":{"minecraft:mob_kills":74,"minecraft:interact_with_anvil":3,"minecraft:open_shulker_box":8,"minecraft:damage_dealt_resisted":1243,"minecraft:leave_game":3,"minecraft:time_since_death":678,"minecraft:climb_one_cm":484,"minecraft:sprint_one_cm":81450,"minecraft:walk_one_cm":296619,"minecraft:damage_blocked_by_shield":2383,"minecraft:drop":133,"minecraft:talked_to_villager":1,"minecraft:sneak_time":13833,"minecraft:deaths":7,"minecraft:walk_under_water_one_cm":1955,"minecraft:jump":1247,"minecraft:walk_on_water_one_cm":3850,"minecraft:play_one_minute":310930,"minecraft:sleep_in_bed":1,"minecraft:time_since_rest":898,"minecraft:damage_taken":6241,"minecraft:damage_absorbed":862,"minecraft:damage_dealt":15007,"minecraft:fly_one_cm":657526,"minecraft:open_chest":3,"minecraft:crouch_one_cm":45404,"minecraft:fall_one_cm":23305},"minecraft:crafted":{"minecraft:oak_planks":4,"minecraft:spruce_planks":4},"minecraft:picked_up":{"minecraft:wooden_axe":1,"minecraft:light_blue_concrete":2,"minecraft:anvil":1,"minecraft:enchanted_book":5,"minecraft:stone_brick_stairs":2,"minecraft:dragon_breath":7,"minecraft:shield":2,"dungeons_mobs:necromancer_trident":5,"minecraft:cornflower":1,"minecraft:string":27,"minecraft:orange_concrete":2,"minecraft:smooth_stone_slab":2,"minecraft:experience_bottle":12,"minecraft:diamond_leggings":2,"minecraft:smooth_stone":2,"minecraft:netherite_sword":2,"minecraft:tipped_arrow":2,"minecraft:oak_door":1,"minecraft:stone_button":1,"minecraft:redstone":1,"minecraft:gray_shulker_box":2,"minecraft:arrow":5,"majruszs_difficulty:end_helmet":2,"minecraft:diamond_chestplate":2,"minecraft:command_block":66,"minecraft:repeating_command_block":2,"minecraft:rotten_flesh":11,"dungeons_mobs:purple_trident":1,"minecraft:diamond_boots":2,"minecraft:iron_block":128,"minecraft:totem_of_undying":15,"minecraft:white_shulker_box":2,"minecraft:lime_concrete_powder":1,"minecraft:cobblestone":126,"minecraft:stripped_oak_log":2,"minecraft:magma_cream":1,"minecraft:andesite":81,"majruszs_difficulty:end_boots":2,"minecraft:gunpowder":12,"minecraft:gray_concrete":12,"minecraft:dirt":49,"minecraft:bone":11,"minecraft:glass":128,"minecraft:stone_bricks":2,"minecraft:wheat_seeds":13,"minecraft:diamond_helmet":1,"minecraft:cyan_concrete":1,"minecraft:ghast_tear":2,"minecraft:chain_command_block":5,"minecraft:yellow_concrete":1,"minecraft:lime_concrete":2,"majruszs_difficulty:end_chestplate":2,"majruszs_difficulty:end_leggings":2,"minecraft:spruce_log":2,"minecraft:grass_block":2,"minecraft:spider_eye":8,"minecraft:sea_lantern":2,"majruszs_difficulty:end_sword":3,"minecraft:skeleton_spawn_egg":1,"minecraft:light_gray_concrete":3,"minecraft:polished_andesite":2,"minecraft:black_concrete":4,"minecraft:polished_blackstone_button":3,"minecraft:red_concrete":1,"minecraft:magenta_concrete":1,"minecraft:coal":18,"minecraft:ender_pearl":8},"minecraft:used":{"minecraft:netherite_sword":226,"minecraft:orange_concrete":2,"minecraft:red_concrete":2,"minecraft:oak_sign":4,"minecraft:chest":15,"minecraft:shield":21,"minecraft:ender_chest":1,"minecraft:stone":16,"minecraft:wither_skeleton_spawn_egg":7,"minecraft:white_shulker_box":4,"dungeons_mobs:wildfire_spawn_egg":1,"minecraft:oak_door":3,"minecraft:orange_bed":1,"minecraft:dirt":4,"minecraft:anvil":3,"minecraft:skeleton_spawn_egg":92,"mowziesmobs:frostmaw_spawn_egg":1,"minecraft:blue_concrete":4,"minecraft:stripped_spruce_log":67,"minecraft:obsidian":2,"majruszs_difficulty:ender_dragon_treasure_bag":1,"minecraft:glass":11,"minecraft:wooden_axe":1,"minecraft:sea_lantern":55,"minecraft:iron_block":34,"minecraft:grass_block":273,"minecraft:totem_of_undying":17,"minecraft:stone_brick_stairs":13,"minecraft:stone_bricks":587,"minecraft:magma_cube_spawn_egg":7,"minecraft:purple_concrete":2,"minecraft:glowstone":12,"minecraft:lime_concrete":3,"minecraft:netherite_pickaxe":85,"minecraft:observer":3,"dungeons_mobs:purple_trident":3,"minecraft:cooked_mutton":9,"minecraft:end_rod":4,"minecraft:polished_andesite":3,"minecraft:dark_oak_sign":1,"minecraft:lime_wool":2,"minecraft:oak_planks":45,"minecraft:ender_pearl":1,"minecraft:lime_concrete_powder":2,"majruszs_difficulty:creeperling_spawn_egg":3,"minecraft:golden_apple":5,"minecraft:pink_concrete":4,"minecraft:vine":12,"minecraft:light_blue_concrete":2,"minecraft:birch_sign":1,"minecraft:yellow_concrete":2,"minecraft:spider_eye":1,"minecraft:white_bed":21,"mowziesmobs:wrought_axe":25,"minecraft:creeper_spawn_egg":21,"minecraft:oak_log":74,"minecraft:sticky_piston":6,"minecraft:ender_eye":13,"minecraft:ghast_spawn_egg":4,"minecraft:gray_shulker_box":1,"minecraft:command_block":26,"minecraft:stone_button":5,"minecraft:cat_spawn_egg":10,"minecraft:cobblestone":1,"minecraft:chain_command_block":26,"minecraft:smooth_stone_slab":32,"minecraft:repeating_command_block":33,"minecraft:end_portal_frame":12,"minecraft:polished_blackstone_button":15,"minecraft:smooth_stone":137},"minecraft:killed_by":{"minecraft:ghast":1,"minecraft:wither_skeleton":1,"minecraft:skeleton":1}},"DataVersion":2586}