{"stats":{"minecraft:killed":{"minecraft:villager":25},"minecraft:used":{"minecraft:oak_log":7,"minecraft:netherite_sword":68,"minecraft:villager_spawn_egg":28,"minecraft:grass_block":22,"minecraft:chest":22,"minecraft:fletching_table":1,"minecraft:item_frame":7,"minecraft:golden_apple":12,"minecraft:rail":6,"minecraft:crafting_table":2,"minecraft:furnace":2,"minecraft:blast_furnace":2,"minecraft:smithing_table":1,"minecraft:minecart":2,"minecraft:smoker":2,"minecraft:splash_potion":184},"minecraft:dropped":{"minecraft:gold_block":2,"minecraft:iron_block":8,"minecraft:bread":2694,"minecraft:stone_axe":1,"minecraft:emerald_block":11,"minecraft:ancient_debris":2,"minecraft:diamond_block":4,"minecraft:netherite_ingot":48,"minecraft:oak_log":1,"minecraft:netherite_block":6,"minecraft:emerald_ore":1,"minecraft:loom":1,"minecraft:lodestone":1,"minecraft:smithing_table":3,"minecraft:cooked_cod":64,"minecraft:grindstone":1,"minecraft:barrel":2,"minecraft:smoker":2,"minecraft:fletching_table":2,"minecraft:rail":1,"minecraft:grass_block":3,"minecraft:carrot":194,"minecraft:cartography_table":2,"minecraft:blast_furnace":2,"minecraft:emerald":354},"minecraft:picked_up":{"minecraft:emerald_block":11,"minecraft:smithing_table":3,"minecraft:torch":1,"minecraft:smoker":1,"minecraft:gold_block":2,"minecraft:oak_log":1,"minecraft:ancient_debris":2,"minecraft:blast_furnace":1,"minecraft:carrot":194,"minecraft:grass_block":2,"minecraft:loom":1,"minecraft:diamond_block":4,"minecraft:barrel":1,"minecraft:netherite_block":6,"minecraft:cooked_cod":64,"minecraft:cartography_table":1,"minecraft:iron_block":8,"minecraft:grindstone":1,"minecraft:lodestone":1,"minecraft:fletching_table":1,"minecraft:bread":1018,"minecraft:emerald":352,"minecraft:rail":1,"minecraft:emerald_ore":1},"minecraft:custom":{"minecraft:time_since_rest":21688,"minecraft:sprint_one_cm":27235,"minecraft:walk_one_cm":56910,"minecraft:mob_kills":25,"minecraft:drop":433,"minecraft:damage_dealt":7386,"minecraft:traded_with_villager":1,"minecraft:interact_with_crafting_table":2,"minecraft:swim_one_cm":536,"minecraft:talked_to_villager":60,"minecraft:fly_one_cm":212713,"minecraft:open_chest":16,"minecraft:crouch_one_cm":3862,"minecraft:play_one_minute":40324,"minecraft:sneak_time":1986,"minecraft:walk_under_water_one_cm":21,"minecraft:jump":556,"minecraft:leave_game":2,"minecraft:time_since_death":40324,"minecraft:interact_with_blast_furnace":1,"minecraft:walk_on_water_one_cm":150,"minecraft:sleep_in_bed":1,"minecraft:fall_one_cm":894},"minecraft:crafted":{"minecraft:diamond":36,"minecraft:emerald":99,"minecraft:iron_ingot":72,"minecraft:gold_ingot":18,"minecraft:netherite_ingot":54,"minecraft:stone_axe":1},"minecraft:mined":{"minecraft:oak_leaves":1}},"DataVersion":2586}