{"stats":{"minecraft:picked_up":{"minecraft:iron_chestplate":1,"minecraft:wheat":9,"minecraft:chainmail_boots":2,"minecraft:lead":1,"minecraft:stone_brick_stairs":4,"minecraft:brewing_stand":2,"minecraft:beetroot":1,"minecraft:diamond_leggings":1,"minecraft:spruce_planks":43,"minecraft:cobblestone_slab":35,"minecraft:iron_pickaxe":1,"minecraft:iron_boots":9,"minecraft:furnace":12,"minecraft:stick":25,"minecraft:composter":10,"minecraft:oak_fence":8,"minecraft:torch":40,"minecraft:porkchop":2,"minecraft:diorite":26,"minecraft:brown_carpet":1,"minecraft:rotten_flesh":11,"minecraft:obsidian":14,"minecraft:cobblestone":1101,"minecraft:repeater":1,"minecraft:andesite":141,"minecraft:water_bucket":1,"minecraft:jungle_log":2,"minecraft:brown_wool":1,"minecraft:potato":25,"minecraft:flint":6,"minecraft:lapis_lazuli":32,"minecraft:dirt":462,"minecraft:glass":15,"minecraft:bone":14,"minecraft:stonecutter":1,"minecraft:bow":1,"minecraft:wheat_seeds":40,"minecraft:bell":2,"minecraft:grindstone":4,"minecraft:fletching_table":18,"minecraft:bamboo":43,"minecraft:oak_planks":1,"minecraft:stone_hoe":1,"minecraft:sand":25,"minecraft:stripped_spruce_log":1,"minecraft:grass_block":2,"minecraft:mossy_cobblestone":10,"minecraft:dispenser":1,"minecraft:diamond":6,"minecraft:spruce_boat":7,"minecraft:granite":5,"minecraft:bone_meal":14,"minecraft:bread":200,"minecraft:golden_horse_armor":1,"minecraft:emerald":4,"minecraft:netherrack":3,"minecraft:diamond_pickaxe":2,"minecraft:cocoa_beans":26,"minecraft:crafting_table":8,"minecraft:brown_mushroom":4,"minecraft:gold_block":2,"minecraft:shield":2,"minecraft:oak_trapdoor":5,"minecraft:flint_and_steel":2,"minecraft:iron_shovel":1,"minecraft:beef":11,"minecraft:observer":1,"minecraft:poppy":4,"minecraft:light_gray_wool":1,"minecraft:sugar_cane":3,"minecraft:chest":10,"minecraft:piston":1,"minecraft:spruce_trapdoor":3,"minecraft:egg":2,"minecraft:carrot":26,"minecraft:redstone":13,"minecraft:arrow":53,"minecraft:beetroot_seeds":3,"minecraft:diamond_boots":1,"minecraft:saddle":1,"minecraft:gold_ingot":15,"minecraft:mutton":19,"minecraft:white_wool":7,"minecraft:oxeye_daisy":1,"minecraft:leather":6,"minecraft:red_mushroom":14,"minecraft:oak_log":74,"minecraft:yellow_bed":13,"minecraft:gunpowder":34,"minecraft:apple":11,"minecraft:stone_bricks":94,"minecraft:creeper_spawn_egg":5,"minecraft:iron_ingot":38,"minecraft:iron_ore":87,"minecraft:iron_sword":1,"minecraft:oak_slab":6,"minecraft:sweet_berries":13,"minecraft:stone_brick_slab":3,"minecraft:dandelion":4,"minecraft:quartz":4,"minecraft:gravel":41,"minecraft:blast_furnace":5,"minecraft:spruce_sapling":56,"minecraft:white_bed":23,"minecraft:spruce_log":725,"minecraft:gold_ore":16,"minecraft:iron_helmet":1,"minecraft:gray_wool":1,"minecraft:black_wool":1,"minecraft:coal":290,"minecraft:ender_pearl":3},"minecraft:crafted":{"minecraft:grindstone":1,"minecraft:oak_planks":168,"minecraft:smooth_stone":3,"minecraft:cobblestone_slab":42,"minecraft:stone":6,"minecraft:suspicious_stew":1,"minecraft:stone_brick_slab":186,"minecraft:iron_boots":11,"minecraft:diamond_helmet":1,"minecraft:bow":1,"minecraft:diamond_leggings":1,"minecraft:chest":10,"minecraft:stone_hoe":1,"minecraft:arrow":48,"minecraft:emerald":175,"minecraft:crafting_table":8,"minecraft:spruce_planks":2896,"minecraft:wooden_pickaxe":1,"minecraft:iron_helmet":1,"minecraft:fletching_table":3,"minecraft:spruce_trapdoor":4,"minecraft:iron_chestplate":1,"minecraft:diamond_pickaxe":1,"minecraft:shield":17,"minecraft:stick":5612,"minecraft:stone_slab":6,"minecraft:iron_ingot":63,"minecraft:iron_pickaxe":4,"minecraft:gold_ingot":26,"minecraft:polished_andesite":16,"minecraft:stone_shovel":1,"minecraft:furnace":5,"minecraft:blast_furnace":1,"minecraft:bone_meal":36,"minecraft:oak_trapdoor":8,"minecraft:flint_and_steel":1,"minecraft:polished_diorite":16,"minecraft:iron_axe":4,"minecraft:stone_pickaxe":2,"minecraft:diamond_boots":1,"minecraft:spruce_boat":2,"minecraft:cooked_beef":8,"minecraft:red_dye":3,"minecraft:iron_sword":1,"minecraft:bowl":4,"minecraft:bucket":1,"minecraft:stone_axe":1,"minecraft:bread":174,"minecraft:air":0,"minecraft:golden_apple":7,"minecraft:chainmail_boots":12,"minecraft:iron_shovel":2,"minecraft:iron_leggings":1,"minecraft:white_bed":2,"minecraft:torch":112,"minecraft:diamond_chestplate":1},"minecraft:custom":{"minecraft:interact_with_crafting_table":66,"minecraft:leave_game":7,"minecraft:time_since_death":266818,"minecraft:sprint_one_cm":504138,"minecraft:damage_blocked_by_shield":785,"minecraft:drop":120,"minecraft:talked_to_villager":147,"minecraft:jump":4660,"minecraft:walk_on_water_one_cm":32407,"minecraft:interact_with_furnace":42,"minecraft:traded_with_villager":254,"minecraft:play_one_minute":266818,"minecraft:sleep_in_bed":20,"minecraft:damage_dealt":14199,"minecraft:crouch_one_cm":184701,"minecraft:inspect_dispenser":1,"minecraft:mob_kills":84,"minecraft:climb_one_cm":4997,"minecraft:walk_one_cm":543268,"minecraft:sneak_time":51629,"minecraft:walk_under_water_one_cm":3849,"minecraft:boat_one_cm":29641,"minecraft:interact_with_blast_furnace":2,"minecraft:time_since_rest":8198,"minecraft:damage_taken":369,"minecraft:damage_absorbed":10,"minecraft:swim_one_cm":11995,"minecraft:fly_one_cm":1052779,"minecraft:open_chest":151,"minecraft:fall_one_cm":109241},"minecraft:dropped":{"minecraft:crafting_table":1,"minecraft:dirt":2,"minecraft:stone_axe":1,"minecraft:lever":1,"minecraft:netherite_sword":1,"minecraft:rotten_flesh":2,"minecraft:oak_planks":1,"minecraft:poppy":1,"minecraft:gunpowder":34,"minecraft:chainmail_boots":12,"minecraft:stone_brick_stairs":2,"minecraft:netherrack":3,"minecraft:stone_hoe":1,"minecraft:bread":83,"minecraft:oak_slab":6,"minecraft:wheat_seeds":13,"minecraft:creeper_spawn_egg":11,"minecraft:lead":1,"minecraft:observer":1,"minecraft:granite":5,"minecraft:command_block":1,"minecraft:grass_block":5,"minecraft:diorite":9,"minecraft:repeater":65,"minecraft:brown_wool":1,"minecraft:red_dye":3,"minecraft:spruce_sapling":1,"minecraft:redstone_block":1,"minecraft:redstone":3,"minecraft:furnace":1,"minecraft:sticky_piston":1,"minecraft:iron_boots":9,"minecraft:comparator":64,"minecraft:shield":2,"minecraft:diamond_pickaxe":1,"minecraft:andesite":9,"minecraft:redstone_torch":64},"minecraft:used":{"minecraft:iron_shovel":416,"minecraft:chest":17,"minecraft:shield":20,"minecraft:iron_sword":12,"minecraft:bell":1,"minecraft:spruce_leaves":6,"minecraft:cocoa_beans":16,"minecraft:obsidian":10,"minecraft:spruce_boat":7,"minecraft:grass_block":25,"minecraft:stone_brick_stairs":2,"minecraft:repeater":75,"minecraft:bow":16,"minecraft:sweet_berries":10,"minecraft:furnace":12,"minecraft:egg":1,"minecraft:diorite":1,"minecraft:stone_pickaxe":82,"minecraft:wooden_pickaxe":3,"minecraft:redstone_block":1,"minecraft:composter":8,"minecraft:golden_apple":8,"minecraft:blast_furnace":6,"minecraft:creeper_spawn_egg":77,"minecraft:redstone_torch":15,"minecraft:sticky_piston":1,"minecraft:lever":3,"minecraft:bread":6,"minecraft:grindstone":5,"minecraft:bone_meal":21,"minecraft:oak_trapdoor":8,"minecraft:netherite_sword":122,"minecraft:flint_and_steel":8,"minecraft:stone_shovel":132,"minecraft:redstone":60,"minecraft:spruce_planks":65,"minecraft:stone_hoe":39,"minecraft:torch":142,"minecraft:brewing_stand":1,"minecraft:dirt":232,"minecraft:stone_brick_slab":111,"minecraft:iron_axe":942,"minecraft:jungle_log":2,"minecraft:bamboo":7,"minecraft:cooked_beef":8,"minecraft:observer":25,"minecraft:golden_axe":10,"minecraft:water_bucket":92,"minecraft:fletching_table":20,"minecraft:stonecutter":1,"minecraft:cobblestone_slab":64,"minecraft:comparator":4,"minecraft:crafting_table":14,"minecraft:white_bed":19,"minecraft:diamond_pickaxe":549,"minecraft:command_block":4,"minecraft:suspicious_stew":1,"minecraft:iron_pickaxe":955,"minecraft:spruce_trapdoor":4,"minecraft:spruce_sapling":38,"minecraft:stone_axe":93,"minecraft:cobblestone":70,"minecraft:bucket":93,"minecraft:yellow_bed":12},"minecraft:mined":{"minecraft:spruce_planks":35,"minecraft:white_bed":23,"minecraft:farmland":24,"minecraft:brewing_stand":2,"minecraft:obsidian":14,"minecraft:spruce_trapdoor":3,"minecraft:granite":11,"minecraft:grass_block":168,"minecraft:jungle_log":2,"minecraft:composter":10,"minecraft:oxeye_daisy":1,"minecraft:iron_ore":83,"minecraft:fire":7,"minecraft:fletching_table":18,"minecraft:torch":9,"minecraft:blast_furnace":5,"minecraft:poppy":3,"minecraft:chest":10,"minecraft:mushroom_stem":12,"minecraft:nether_quartz_ore":4,"minecraft:cobblestone":74,"minecraft:sugar_cane":1,"minecraft:grindstone":4,"minecraft:oak_planks":1,"minecraft:wall_torch":9,"minecraft:wheat":12,"minecraft:stone_brick_stairs":4,"minecraft:grass":113,"minecraft:oak_log":58,"minecraft:beetroots":2,"minecraft:sand":25,"minecraft:dirt":225,"minecraft:dispenser":1,"minecraft:red_mushroom_block":45,"minecraft:stonecutter":1,"minecraft:netherrack":3,"minecraft:piston":1,"minecraft:oak_leaves":1,"minecraft:diamond_ore":6,"minecraft:mossy_cobblestone":10,"minecraft:redstone_wire":4,"minecraft:brown_mushroom_block":30,"minecraft:spruce_leaves":104,"minecraft:redstone_ore":2,"minecraft:oak_trapdoor":5,"minecraft:spruce_sapling":1,"minecraft:furnace":11,"minecraft:carrots":8,"minecraft:andesite":141,"minecraft:stripped_spruce_log":1,"minecraft:gold_block":2,"minecraft:bell":1,"minecraft:potatoes":6,"minecraft:cobblestone_slab":29,"minecraft:vine":1,"minecraft:bamboo":7,"minecraft:stone":878,"minecraft:oak_slab":5,"minecraft:brown_carpet":1,"minecraft:stone_brick_slab":2,"minecraft:observer":1,"minecraft:oak_fence":8,"minecraft:crafting_table":8,"minecraft:tall_grass":12,"minecraft:lapis_ore":5,"minecraft:diorite":26,"minecraft:sweet_berry_bush":10,"minecraft:spruce_log":730,"minecraft:birch_leaves":1,"minecraft:yellow_bed":13,"minecraft:grass_path":63,"minecraft:coal_ore":149,"minecraft:cocoa":10,"minecraft:gravel":47,"minecraft:stone_bricks":95,"minecraft:gold_ore":16},"minecraft:killed":{"minecraft:spider":1,"minecraft:skeleton":6,"minecraft:chicken":1,"minecraft:pig":2,"minecraft:creeper":49,"minecraft:sheep":11,"minecraft:zombie":5,"minecraft:cow":6,"minecraft:wandering_trader":1},"minecraft:broken":{"minecraft:iron_shovel":1,"minecraft:stone_shovel":1,"minecraft:iron_axe":2,"minecraft:iron_pickaxe":3}},"DataVersion":2586}