{"stats":{"minecraft:dropped":{"minecraft:bamboo":1,"minecraft:grass":2,"minecraft:ocelot_spawn_egg":1,"minecraft:stone_button":1,"minecraft:grass_block":2},"minecraft:mined":{"minecraft:grass":10,"minecraft:tall_grass":1},"minecraft:custom":{"minecraft:time_since_rest":2475,"minecraft:crouch_one_cm":1562,"minecraft:play_one_minute":51292,"minecraft:sprint_one_cm":15786,"minecraft:deaths":6,"minecraft:damage_taken":1310,"minecraft:walk_one_cm":27764,"minecraft:sneak_time":1144,"minecraft:drop":7,"minecraft:jump":258,"minecraft:damage_dealt":136,"minecraft:leave_game":6,"minecraft:walk_on_water_one_cm":773,"minecraft:time_since_death":2471,"minecraft:fly_one_cm":195981,"minecraft:fall_one_cm":10060},"minecraft:picked_up":{"minecraft:grass":1,"minecraft:stone_button":1,"minecraft:bamboo":1,"minecraft:ocelot_spawn_egg":1},"minecraft:used":{"minecraft:bee_spawn_egg":2,"minecraft:ocelot_spawn_egg":1,"minecraft:mooshroom_spawn_egg":1,"minecraft:dolphin_spawn_egg":2,"minecraft:rabbit_spawn_egg":1,"minecraft:lime_terracotta":1,"minecraft:command_block":3,"minecraft:grass_block":4,"minecraft:panda_spawn_egg":2,"minecraft:pufferfish_spawn_egg":1,"minecraft:stone_button":2,"minecraft:fox_spawn_egg":2,"minecraft:tropical_fish_spawn_egg":2,"minecraft:llama_spawn_egg":3,"minecraft:parrot_spawn_egg":2,"minecraft:sheep_spawn_egg":4,"minecraft:grass":1,"minecraft:bat_spawn_egg":4,"minecraft:horse_spawn_egg":3},"minecraft:killed_by":{"minecraft:bee":1,"minecraft:silverfish":1}},"DataVersion":2586}