{
  "dungeons_arise:wda_root": {
    "criteria": {
      "WDA": "2024-10-26 22:28:14 +0000"
    },
    "done": true
  },
  "minecraft:adventure/root": {
    "criteria": {
      "killed_by_something": "2024-10-26 22:47:36 +0000"
    },
    "done": true
  },
  "mowziesmobs:root": {
    "criteria": {
      "custom_test_name": "2024-10-26 22:28:14 +0000"
    },
    "done": true
  },
  "majruszs_difficulty:progressive_difficulty/normal_mode": {
    "criteria": {
      "game_state": "2024-10-26 22:28:13 +0000"
    },
    "done": true
  },
  "minecraft:adventure/adventuring_time": {
    "criteria": {
      "minecraft:forest": "2024-10-26 22:46:17 +0000",
      "minecraft:plains": "2024-10-26 22:28:14 +0000"
    },
    "done": false
  },
  "DataVersion": 2586
}